"","PREY_sp","PREDATOR_sp"
"1","Channa punctata","Felis chaus"
"2","Channa striata","Felis chaus"
"3","Mystus tengara","Felis chaus"
"4","Mystus vittatus","Felis chaus"
"5","Glossogobius giuris","Felis chaus"
"6","Oreochromis niloticus","Felis chaus"
"7","Duttaphrynus melanostictus","Felis chaus"
"8","Minervarya agricola","Felis chaus"
"9","Hoplobatrachus tigerinus","Felis chaus"
"10","Netuma thalassina","Prionailurus viverrinus"
"11","Macrognathus pancalus","Prionailurus viverrinus"
"12","Mystus tengara","Prionailurus viverrinus"
"13","Mystus vittatus","Prionailurus viverrinus"
"14","Xenentodon cancila","Prionailurus viverrinus"
"15","Channa punctata","Prionailurus viverrinus"
"16","Channa striata","Prionailurus viverrinus"
"17","Channa gachua","Prionailurus viverrinus"
"18","Oreochromis niloticus","Prionailurus viverrinus"
"19","Glossogobius giuris","Prionailurus viverrinus"
"20","Heteropneustes fossilis","Prionailurus viverrinus"
"21","Mastacembelus armatus","Prionailurus viverrinus"
"22","Notopterus notopterus","Prionailurus viverrinus"
"23","Trichogaster lalius","Prionailurus viverrinus"
"24","Trichogaster fasciata","Prionailurus viverrinus"
"25","Diplonychus annulatus","Prionailurus viverrinus"
"26","Diplonychus rusticus","Prionailurus viverrinus"
"27","Aquarius adelaides","Prionailurus viverrinus"
"28","Limnogonus fossarum","Prionailurus viverrinus"
"29","Laccotrephes griseus","Prionailurus viverrinus"
"30","Laccotrephes ruber","Prionailurus viverrinus"
"31","Ranatra elongata","Prionailurus viverrinus"
"32","Ranatra filiformis","Prionailurus viverrinus"
"33","Ranatra varipes","Prionailurus viverrinus"
"34","Anisops campbelli","Prionailurus viverrinus"
"35","Duttaphrynus melanostictus","Prionailurus viverrinus"
"36","Euphlyctis cyanophlyctis","Prionailurus viverrinus"
"37","Hoplobatrachus tigerinus","Prionailurus viverrinus"
"38","Lissemys punctata","Prionailurus viverrinus"
"39","Big fish juveniles","Prionailurus viverrinus"
"40","Parambassis baculis","Dendrocygna javanica"
"41","Aplocheilus panchax","Dendrocygna javanica"
"42","Netuma thalassina","Dendrocygna javanica"
"43","Badis badis","Dendrocygna javanica"
"44","Mystus tengara","Dendrocygna javanica"
"45","Mystus vittatus","Dendrocygna javanica"
"46","Xenentodon cancila","Dendrocygna javanica"
"47","Channa punctata","Dendrocygna javanica"
"48","Channa striata","Dendrocygna javanica"
"49","Channa gachua","Dendrocygna javanica"
"50","Oreochromis niloticus","Dendrocygna javanica"
"51","Puntius vittatus","Dendrocygna javanica"
"52","Rasbora daniconius","Dendrocygna javanica"
"53","Pethia phutunio","Dendrocygna javanica"
"54","Glossogobius giuris","Dendrocygna javanica"
"55","Heteropneustes fossilis","Dendrocygna javanica"
"56","Macrognathus pancalus","Dendrocygna javanica"
"57","Mastacembelus armatus","Dendrocygna javanica"
"58","Notopterus notopterus","Dendrocygna javanica"
"59","Trichogaster lalius","Dendrocygna javanica"
"60","Trichogaster fasciata","Dendrocygna javanica"
"61","Pila globosa","Dendrocygna javanica"
"62","Filopaludina bengalensis","Dendrocygna javanica"
"63","Idiopoma dissimilis","Dendrocygna javanica"
"64","Melanoides tuberculata","Dendrocygna javanica"
"65","Tarebia lineata","Dendrocygna javanica"
"66","Bithynia pulchella","Dendrocygna javanica"
"67","Gabbia orcula","Dendrocygna javanica"
"68","Radix rufescens","Dendrocygna javanica"
"69","Racesina luteola","Dendrocygna javanica"
"70","Herbaceous aquatic plants","Dendrocygna javanica"
"71","Big fish juveniles","Dendrocygna javanica"
"72","Herbaceous aquatic plants","Tadorna ferruginea"
"73","Green Algae","Tadorna ferruginea"
"74","Pila globosa","Tadorna ferruginea"
"75","Filopaludina bengalensis","Tadorna ferruginea"
"76","Melanoides tuberculata","Tadorna ferruginea"
"77","Tarebia lineata","Tadorna ferruginea"
"78","Bithynia pulchella","Tadorna ferruginea"
"79","Gabbia orcula","Tadorna ferruginea"
"80","Radix rufescens","Tadorna ferruginea"
"81","Racesina luteola","Tadorna ferruginea"
"82","Gyraulus barrackporensis","Tadorna ferruginea"
"83","Gyraulus convexiusculus","Tadorna ferruginea"
"84","Gyraulus euphraticus","Tadorna ferruginea"
"85","Indoplanorbis exustus","Tadorna ferruginea"
"86","Macrobrachium malcolmsonii","Tadorna ferruginea"
"87","Macrobrachium rosenbergii","Tadorna ferruginea"
"88","Macrobrachium rude","Tadorna ferruginea"
"89","Macrobrachium equidens","Tadorna ferruginea"
"90","Diplonychus annulatus","Tadorna ferruginea"
"91","Diplonychus rusticus","Tadorna ferruginea"
"92","Aquarius adelaides","Tadorna ferruginea"
"93","Limnogonus fossarum","Tadorna ferruginea"
"94","Laccotrephes griseus","Tadorna ferruginea"
"95","Laccotrephes ruber","Tadorna ferruginea"
"96","Ranatra elongata","Tadorna ferruginea"
"97","Ranatra filiformis","Tadorna ferruginea"
"98","Ranatra varipes","Tadorna ferruginea"
"99","Anisops campbelli","Tadorna ferruginea"
"100","Hydrovatus confertus","Tadorna ferruginea"
"101","Herbaceous aquatic plants","Nettapus coromandelianus"
"102","Macrobrachium malcolmsonii","Nettapus coromandelianus"
"103","Macrobrachium rosenbergii","Nettapus coromandelianus"
"104","Macrobrachium rude","Nettapus coromandelianus"
"105","Macrobrachium equidens","Nettapus coromandelianus"
"106","Diplonychus annulatus","Nettapus coromandelianus"
"107","Diplonychus rusticus","Nettapus coromandelianus"
"108","Aquarius adelaides","Nettapus coromandelianus"
"109","Limnogonus fossarum","Nettapus coromandelianus"
"110","Laccotrephes griseus","Nettapus coromandelianus"
"111","Laccotrephes ruber","Nettapus coromandelianus"
"112","Ranatra elongata","Nettapus coromandelianus"
"113","Ranatra filiformis","Nettapus coromandelianus"
"114","Ranatra varipes","Nettapus coromandelianus"
"115","Anisops campbelli","Nettapus coromandelianus"
"116","Hydrovatus confertus","Nettapus coromandelianus"
"117","Herbaceous aquatic plants","Spatula querquedula"
"118","Diplonychus annulatus","Spatula querquedula"
"119","Diplonychus rusticus","Spatula querquedula"
"120","Aquarius adelaides","Spatula querquedula"
"121","Limnogonus fossarum","Spatula querquedula"
"122","Laccotrephes griseus","Spatula querquedula"
"123","Laccotrephes ruber","Spatula querquedula"
"124","Ranatra elongata","Spatula querquedula"
"125","Ranatra filiformis","Spatula querquedula"
"126","Ranatra varipes","Spatula querquedula"
"127","Anisops campbelli","Spatula querquedula"
"128","Hydrovatus confertus","Spatula querquedula"
"129","Pila globosa","Spatula querquedula"
"130","Filopaludina bengalensis","Spatula querquedula"
"131","Melanoides tuberculata","Spatula querquedula"
"132","Tarebia lineata","Spatula querquedula"
"133","Bithynia pulchella","Spatula querquedula"
"134","Gabbia orcula","Spatula querquedula"
"135","Radix rufescens","Spatula querquedula"
"136","Racesina luteola","Spatula querquedula"
"137","Gyraulus barrackporensis","Spatula querquedula"
"138","Gyraulus convexiusculus","Spatula querquedula"
"139","Gyraulus euphraticus","Spatula querquedula"
"140","Indoplanorbis exustus","Spatula querquedula"
"141","Herbaceous aquatic plants","Anas poecilorhyncha"
"142","Diplonychus annulatus","Anas poecilorhyncha"
"143","Diplonychus rusticus","Anas poecilorhyncha"
"144","Aquarius adelaides","Anas poecilorhyncha"
"145","Limnogonus fossarum","Anas poecilorhyncha"
"146","Laccotrephes griseus","Anas poecilorhyncha"
"147","Laccotrephes ruber","Anas poecilorhyncha"
"148","Ranatra elongata","Anas poecilorhyncha"
"149","Ranatra filiformis","Anas poecilorhyncha"
"150","Ranatra varipes","Anas poecilorhyncha"
"151","Anisops campbelli","Anas poecilorhyncha"
"152","Hydrovatus confertus","Anas poecilorhyncha"
"153","Herbaceous aquatic plants","Anas acuta"
"154","Diplonychus annulatus","Anas acuta"
"155","Diplonychus rusticus","Anas acuta"
"156","Aquarius adelaides","Anas acuta"
"157","Limnogonus fossarum","Anas acuta"
"158","Laccotrephes griseus","Anas acuta"
"159","Laccotrephes ruber","Anas acuta"
"160","Ranatra elongata","Anas acuta"
"161","Ranatra filiformis","Anas acuta"
"162","Ranatra varipes","Anas acuta"
"163","Anisops campbelli","Anas acuta"
"164","Hydrovatus confertus","Anas acuta"
"165","Pila globosa","Anas acuta"
"166","Filopaludina bengalensis","Anas acuta"
"167","Melanoides tuberculata","Anas acuta"
"168","Tarebia lineata","Anas acuta"
"169","Bithynia pulchella","Anas acuta"
"170","Gabbia orcula","Anas acuta"
"171","Radix rufescens","Anas acuta"
"172","Racesina luteola","Anas acuta"
"173","Gyraulus barrackporensis","Anas acuta"
"174","Gyraulus convexiusculus","Anas acuta"
"175","Gyraulus euphraticus","Anas acuta"
"176","Indoplanorbis exustus","Anas acuta"
"177","Herbaceous aquatic plants","Netta rufina"
"178","Diplonychus annulatus","Netta rufina"
"179","Diplonychus rusticus","Netta rufina"
"180","Aquarius adelaides","Netta rufina"
"181","Limnogonus fossarum","Netta rufina"
"182","Laccotrephes griseus","Netta rufina"
"183","Laccotrephes ruber","Netta rufina"
"184","Ranatra elongata","Netta rufina"
"185","Ranatra filiformis","Netta rufina"
"186","Ranatra varipes","Netta rufina"
"187","Anisops campbelli","Netta rufina"
"188","Hydrovatus confertus","Netta rufina"
"189","Green Algae","Netta rufina"
"190","Pila globosa","Tachybaptus ruficollis"
"191","Filopaludina bengalensis","Tachybaptus ruficollis"
"192","Melanoides tuberculata","Tachybaptus ruficollis"
"193","Tarebia lineata","Tachybaptus ruficollis"
"194","Bithynia pulchella","Tachybaptus ruficollis"
"195","Gabbia orcula","Tachybaptus ruficollis"
"196","Radix rufescens","Tachybaptus ruficollis"
"197","Racesina luteola","Tachybaptus ruficollis"
"198","Gyraulus barrackporensis","Tachybaptus ruficollis"
"199","Gyraulus convexiusculus","Tachybaptus ruficollis"
"200","Gyraulus euphraticus","Tachybaptus ruficollis"
"201","Indoplanorbis exustus","Tachybaptus ruficollis"
"202","Parambassis baculis","Tachybaptus ruficollis"
"203","Aplocheilus panchax","Tachybaptus ruficollis"
"204","Badis badis","Tachybaptus ruficollis"
"205","Puntius vittatus","Tachybaptus ruficollis"
"206","Rasbora daniconius","Tachybaptus ruficollis"
"207","Pethia phutunio","Tachybaptus ruficollis"
"208","Trichogaster lalius","Tachybaptus ruficollis"
"209","Trichogaster fasciata","Tachybaptus ruficollis"
"210","Big fish juveniles","Tachybaptus ruficollis"
"211","Tadploes","Tachybaptus ruficollis"
"212","Macrobrachium malcolmsonii","Tachybaptus ruficollis"
"213","Macrobrachium rosenbergii","Tachybaptus ruficollis"
"214","Macrobrachium rude","Tachybaptus ruficollis"
"215","Macrobrachium equidens","Tachybaptus ruficollis"
"216","Diplonychus annulatus","Tachybaptus ruficollis"
"217","Diplonychus rusticus","Tachybaptus ruficollis"
"218","Aquarius adelaides","Tachybaptus ruficollis"
"219","Limnogonus fossarum","Tachybaptus ruficollis"
"220","Laccotrephes griseus","Tachybaptus ruficollis"
"221","Laccotrephes ruber","Tachybaptus ruficollis"
"222","Ranatra elongata","Tachybaptus ruficollis"
"223","Ranatra filiformis","Tachybaptus ruficollis"
"224","Ranatra varipes","Tachybaptus ruficollis"
"225","Anisops campbelli","Tachybaptus ruficollis"
"226","Hydrovatus confertus","Tachybaptus ruficollis"
"228","Diplonychus annulatus","Centropus bengalensis"
"229","Diplonychus rusticus","Centropus bengalensis"
"230","Aquarius adelaides","Centropus bengalensis"
"231","Limnogonus fossarum","Centropus bengalensis"
"232","Laccotrephes griseus","Centropus bengalensis"
"233","Laccotrephes ruber","Centropus bengalensis"
"234","Ranatra elongata","Centropus bengalensis"
"235","Ranatra filiformis","Centropus bengalensis"
"236","Ranatra varipes","Centropus bengalensis"
"237","Anisops campbelli","Centropus bengalensis"
"238","Hydrovatus confertus","Centropus bengalensis"
"239","Duttaphrynus melanostictus","Centropus bengalensis"
"240","Minervarya agricola","Centropus bengalensis"
"241","Euphlyctis cyanophlyctis","Centropus bengalensis"
"242","Hoplobatrachus tigerinus","Centropus bengalensis"
"243","Microhyla mymensinghensis","Centropus bengalensis"
"244","Polypedates maculatus","Centropus bengalensis"
"245","Pila globosa","Centropus bengalensis"
"246","Filopaludina bengalensis","Centropus bengalensis"
"247","Melanoides tuberculata","Centropus bengalensis"
"248","Tarebia lineata","Centropus bengalensis"
"249","Bithynia pulchella","Centropus bengalensis"
"250","Gabbia orcula","Centropus bengalensis"
"251","Radix rufescens","Centropus bengalensis"
"252","Racesina luteola","Centropus bengalensis"
"253","Gyraulus barrackporensis","Centropus bengalensis"
"254","Gyraulus convexiusculus","Centropus bengalensis"
"255","Gyraulus euphraticus","Centropus bengalensis"
"256","Indoplanorbis exustus","Centropus bengalensis"
"257","Herbaceous aquatic plants","Gallinula chloropus"
"258","Diplonychus annulatus","Gallinula chloropus"
"259","Diplonychus rusticus","Gallinula chloropus"
"260","Aquarius adelaides","Gallinula chloropus"
"261","Limnogonus fossarum","Gallinula chloropus"
"262","Laccotrephes griseus","Gallinula chloropus"
"263","Laccotrephes ruber","Gallinula chloropus"
"264","Ranatra elongata","Gallinula chloropus"
"265","Ranatra filiformis","Gallinula chloropus"
"266","Ranatra varipes","Gallinula chloropus"
"267","Anisops campbelli","Gallinula chloropus"
"268","Hydrovatus confertus","Gallinula chloropus"
"269","Duttaphrynus melanostictus","Gallinula chloropus"
"270","Minervarya agricola","Gallinula chloropus"
"271","Euphlyctis cyanophlyctis","Gallinula chloropus"
"272","Hoplobatrachus tigerinus","Gallinula chloropus"
"273","Microhyla mymensinghensis","Gallinula chloropus"
"274","Polypedates maculatus","Gallinula chloropus"
"275","Herbaceous aquatic plants","Fulica atra"
"276","Diplonychus annulatus","Fulica atra"
"277","Diplonychus rusticus","Fulica atra"
"278","Aquarius adelaides","Fulica atra"
"279","Limnogonus fossarum","Fulica atra"
"280","Laccotrephes griseus","Fulica atra"
"281","Laccotrephes ruber","Fulica atra"
"282","Ranatra elongata","Fulica atra"
"283","Ranatra filiformis","Fulica atra"
"284","Ranatra varipes","Fulica atra"
"285","Anisops campbelli","Fulica atra"
"286","Hydrovatus confertus","Fulica atra"
"287","Pila globosa","Fulica atra"
"288","Filopaludina bengalensis","Fulica atra"
"289","Melanoides tuberculata","Fulica atra"
"290","Tarebia lineata","Fulica atra"
"291","Bithynia pulchella","Fulica atra"
"292","Gabbia orcula","Fulica atra"
"293","Radix rufescens","Fulica atra"
"294","Racesina luteola","Fulica atra"
"295","Gyraulus barrackporensis","Fulica atra"
"296","Gyraulus convexiusculus","Fulica atra"
"297","Gyraulus euphraticus","Fulica atra"
"298","Indoplanorbis exustus","Fulica atra"
"299","Herbaceous aquatic plants","Porphyrio poliocephalus"
"300","Diplonychus annulatus","Porphyrio poliocephalus"
"301","Diplonychus rusticus","Porphyrio poliocephalus"
"302","Aquarius adelaides","Porphyrio poliocephalus"
"303","Limnogonus fossarum","Porphyrio poliocephalus"
"304","Laccotrephes griseus","Porphyrio poliocephalus"
"305","Laccotrephes ruber","Porphyrio poliocephalus"
"306","Ranatra elongata","Porphyrio poliocephalus"
"307","Ranatra filiformis","Porphyrio poliocephalus"
"308","Ranatra varipes","Porphyrio poliocephalus"
"309","Anisops campbelli","Porphyrio poliocephalus"
"310","Hydrovatus confertus","Porphyrio poliocephalus"
"311","Pila globosa","Porphyrio poliocephalus"
"312","Filopaludina bengalensis","Porphyrio poliocephalus"
"313","Melanoides tuberculata","Porphyrio poliocephalus"
"314","Tarebia lineata","Porphyrio poliocephalus"
"315","Bithynia pulchella","Porphyrio poliocephalus"
"316","Gabbia orcula","Porphyrio poliocephalus"
"317","Radix rufescens","Porphyrio poliocephalus"
"318","Racesina luteola","Porphyrio poliocephalus"
"319","Gyraulus barrackporensis","Porphyrio poliocephalus"
"320","Gyraulus convexiusculus","Porphyrio poliocephalus"
"321","Gyraulus euphraticus","Porphyrio poliocephalus"
"322","Indoplanorbis exustus","Porphyrio poliocephalus"
"323","Herbaceous aquatic plants","Amaurornis phoenicurus"
"324","Diplonychus annulatus","Amaurornis phoenicurus"
"325","Diplonychus rusticus","Amaurornis phoenicurus"
"326","Aquarius adelaides","Amaurornis phoenicurus"
"327","Limnogonus fossarum","Amaurornis phoenicurus"
"328","Laccotrephes griseus","Amaurornis phoenicurus"
"329","Laccotrephes ruber","Amaurornis phoenicurus"
"330","Ranatra elongata","Amaurornis phoenicurus"
"331","Ranatra filiformis","Amaurornis phoenicurus"
"332","Ranatra varipes","Amaurornis phoenicurus"
"333","Anisops campbelli","Amaurornis phoenicurus"
"334","Hydrovatus confertus","Amaurornis phoenicurus"
"335","Parambassis baculis","Amaurornis phoenicurus"
"336","Aplocheilus panchax","Amaurornis phoenicurus"
"337","Badis badis","Amaurornis phoenicurus"
"338","Puntius vittatus","Amaurornis phoenicurus"
"339","Rasbora daniconius","Amaurornis phoenicurus"
"340","Pethia phutunio","Amaurornis phoenicurus"
"341","Trichogaster lalius","Amaurornis phoenicurus"
"342","Trichogaster fasciata","Amaurornis phoenicurus"
"343","Pila globosa","Amaurornis phoenicurus"
"344","Filopaludina bengalensis","Amaurornis phoenicurus"
"345","Melanoides tuberculata","Amaurornis phoenicurus"
"346","Tarebia lineata","Amaurornis phoenicurus"
"347","Bithynia pulchella","Amaurornis phoenicurus"
"348","Gabbia orcula","Amaurornis phoenicurus"
"349","Radix rufescens","Amaurornis phoenicurus"
"350","Racesina luteola","Amaurornis phoenicurus"
"351","Gyraulus barrackporensis","Amaurornis phoenicurus"
"352","Gyraulus convexiusculus","Amaurornis phoenicurus"
"353","Gyraulus euphraticus","Amaurornis phoenicurus"
"354","Indoplanorbis exustus","Amaurornis phoenicurus"
"355","Big fish juveniles","Amaurornis phoenicurus"
"356","Pila globosa","Himantopus himantopus"
"357","Filopaludina bengalensis","Himantopus himantopus"
"358","Melanoides tuberculata","Himantopus himantopus"
"359","Tarebia lineata","Himantopus himantopus"
"360","Bithynia pulchella","Himantopus himantopus"
"361","Gabbia orcula","Himantopus himantopus"
"362","Radix rufescens","Himantopus himantopus"
"363","Racesina luteola","Himantopus himantopus"
"364","Gyraulus barrackporensis","Himantopus himantopus"
"365","Gyraulus convexiusculus","Himantopus himantopus"
"366","Gyraulus euphraticus","Himantopus himantopus"
"367","Indoplanorbis exustus","Himantopus himantopus"
"368","Diplonychus annulatus","Himantopus himantopus"
"369","Diplonychus rusticus","Himantopus himantopus"
"370","Aquarius adelaides","Himantopus himantopus"
"371","Limnogonus fossarum","Himantopus himantopus"
"372","Laccotrephes griseus","Himantopus himantopus"
"373","Laccotrephes ruber","Himantopus himantopus"
"374","Ranatra elongata","Himantopus himantopus"
"375","Ranatra filiformis","Himantopus himantopus"
"376","Ranatra varipes","Himantopus himantopus"
"377","Anisops campbelli","Himantopus himantopus"
"378","Hydrovatus confertus","Himantopus himantopus"
"379","Pila globosa","Pluvialis fulva"
"380","Filopaludina bengalensis","Pluvialis fulva"
"381","Melanoides tuberculata","Pluvialis fulva"
"382","Tarebia lineata","Pluvialis fulva"
"383","Bithynia pulchella","Pluvialis fulva"
"384","Gabbia orcula","Pluvialis fulva"
"385","Radix rufescens","Pluvialis fulva"
"386","Racesina luteola","Pluvialis fulva"
"387","Gyraulus barrackporensis","Pluvialis fulva"
"388","Gyraulus convexiusculus","Pluvialis fulva"
"389","Gyraulus euphraticus","Pluvialis fulva"
"390","Indoplanorbis exustus","Pluvialis fulva"
"391","Diplonychus annulatus","Pluvialis fulva"
"392","Diplonychus rusticus","Pluvialis fulva"
"393","Aquarius adelaides","Pluvialis fulva"
"394","Limnogonus fossarum","Pluvialis fulva"
"395","Laccotrephes griseus","Pluvialis fulva"
"396","Laccotrephes ruber","Pluvialis fulva"
"397","Ranatra elongata","Pluvialis fulva"
"398","Ranatra filiformis","Pluvialis fulva"
"399","Ranatra varipes","Pluvialis fulva"
"400","Anisops campbelli","Pluvialis fulva"
"401","Hydrovatus confertus","Pluvialis fulva"
"402","Diplonychus annulatus","Charadrius dubius"
"403","Diplonychus rusticus","Charadrius dubius"
"404","Aquarius adelaides","Charadrius dubius"
"405","Limnogonus fossarum","Charadrius dubius"
"406","Laccotrephes griseus","Charadrius dubius"
"407","Laccotrephes ruber","Charadrius dubius"
"408","Ranatra elongata","Charadrius dubius"
"409","Ranatra filiformis","Charadrius dubius"
"410","Ranatra varipes","Charadrius dubius"
"411","Anisops campbelli","Charadrius dubius"
"412","Hydrovatus confertus","Charadrius dubius"
"413","Pila globosa","Vanellus malabaricus"
"414","Filopaludina bengalensis","Vanellus malabaricus"
"415","Melanoides tuberculata","Vanellus malabaricus"
"416","Tarebia lineata","Vanellus malabaricus"
"417","Bithynia pulchella","Vanellus malabaricus"
"418","Gabbia orcula","Vanellus malabaricus"
"419","Radix rufescens","Vanellus malabaricus"
"420","Racesina luteola","Vanellus malabaricus"
"421","Gyraulus barrackporensis","Vanellus malabaricus"
"422","Gyraulus convexiusculus","Vanellus malabaricus"
"423","Gyraulus euphraticus","Vanellus malabaricus"
"424","Indoplanorbis exustus","Vanellus malabaricus"
"425","Diplonychus annulatus","Vanellus malabaricus"
"426","Diplonychus rusticus","Vanellus malabaricus"
"427","Aquarius adelaides","Vanellus malabaricus"
"428","Limnogonus fossarum","Vanellus malabaricus"
"429","Laccotrephes griseus","Vanellus malabaricus"
"430","Laccotrephes ruber","Vanellus malabaricus"
"431","Ranatra elongata","Vanellus malabaricus"
"432","Ranatra filiformis","Vanellus malabaricus"
"433","Ranatra varipes","Vanellus malabaricus"
"434","Anisops campbelli","Vanellus malabaricus"
"435","Hydrovatus confertus","Vanellus malabaricus"
"436","Pila globosa","Vanellus indicus"
"437","Filopaludina bengalensis","Vanellus indicus"
"438","Melanoides tuberculata","Vanellus indicus"
"439","Tarebia lineata","Vanellus indicus"
"440","Bithynia pulchella","Vanellus indicus"
"441","Gabbia orcula","Vanellus indicus"
"442","Radix rufescens","Vanellus indicus"
"443","Racesina luteola","Vanellus indicus"
"444","Gyraulus barrackporensis","Vanellus indicus"
"445","Gyraulus convexiusculus","Vanellus indicus"
"446","Gyraulus euphraticus","Vanellus indicus"
"447","Indoplanorbis exustus","Vanellus indicus"
"448","Diplonychus annulatus","Vanellus indicus"
"449","Diplonychus rusticus","Vanellus indicus"
"450","Aquarius adelaides","Vanellus indicus"
"451","Limnogonus fossarum","Vanellus indicus"
"452","Laccotrephes griseus","Vanellus indicus"
"453","Laccotrephes ruber","Vanellus indicus"
"454","Ranatra elongata","Vanellus indicus"
"455","Ranatra filiformis","Vanellus indicus"
"456","Ranatra varipes","Vanellus indicus"
"457","Anisops campbelli","Vanellus indicus"
"458","Hydrovatus confertus","Vanellus indicus"
"459","Herbaceous aquatic plants","Metopidius indicus"
"460","Diplonychus annulatus","Metopidius indicus"
"461","Diplonychus rusticus","Metopidius indicus"
"462","Aquarius adelaides","Metopidius indicus"
"463","Limnogonus fossarum","Metopidius indicus"
"464","Laccotrephes griseus","Metopidius indicus"
"465","Laccotrephes ruber","Metopidius indicus"
"466","Ranatra elongata","Metopidius indicus"
"467","Ranatra filiformis","Metopidius indicus"
"468","Ranatra varipes","Metopidius indicus"
"469","Anisops campbelli","Metopidius indicus"
"470","Hydrovatus confertus","Metopidius indicus"
"471","Pila globosa","Metopidius indicus"
"472","Filopaludina bengalensis","Metopidius indicus"
"473","Melanoides tuberculata","Metopidius indicus"
"474","Tarebia lineata","Metopidius indicus"
"475","Bithynia pulchella","Metopidius indicus"
"476","Gabbia orcula","Metopidius indicus"
"477","Radix rufescens","Metopidius indicus"
"478","Racesina luteola","Metopidius indicus"
"479","Gyraulus barrackporensis","Metopidius indicus"
"480","Gyraulus convexiusculus","Metopidius indicus"
"481","Gyraulus euphraticus","Metopidius indicus"
"482","Indoplanorbis exustus","Metopidius indicus"
"483","Herbaceous aquatic plants","Hydrophasianus chirurgus"
"484","Diplonychus annulatus","Hydrophasianus chirurgus"
"485","Diplonychus rusticus","Hydrophasianus chirurgus"
"486","Aquarius adelaides","Hydrophasianus chirurgus"
"487","Limnogonus fossarum","Hydrophasianus chirurgus"
"488","Laccotrephes griseus","Hydrophasianus chirurgus"
"489","Laccotrephes ruber","Hydrophasianus chirurgus"
"490","Ranatra elongata","Hydrophasianus chirurgus"
"491","Ranatra filiformis","Hydrophasianus chirurgus"
"492","Ranatra varipes","Hydrophasianus chirurgus"
"493","Anisops campbelli","Hydrophasianus chirurgus"
"494","Hydrovatus confertus","Hydrophasianus chirurgus"
"495","Pila globosa","Hydrophasianus chirurgus"
"496","Filopaludina bengalensis","Hydrophasianus chirurgus"
"497","Melanoides tuberculata","Hydrophasianus chirurgus"
"498","Tarebia lineata","Hydrophasianus chirurgus"
"499","Bithynia pulchella","Hydrophasianus chirurgus"
"500","Gabbia orcula","Hydrophasianus chirurgus"
"501","Radix rufescens","Hydrophasianus chirurgus"
"502","Racesina luteola","Hydrophasianus chirurgus"
"503","Gyraulus barrackporensis","Hydrophasianus chirurgus"
"504","Gyraulus convexiusculus","Hydrophasianus chirurgus"
"505","Gyraulus euphraticus","Hydrophasianus chirurgus"
"506","Indoplanorbis exustus","Hydrophasianus chirurgus"
"507","Diplonychus annulatus","Numenius arquata"
"508","Diplonychus rusticus","Numenius arquata"
"509","Aquarius adelaides","Numenius arquata"
"510","Limnogonus fossarum","Numenius arquata"
"511","Laccotrephes griseus","Numenius arquata"
"512","Laccotrephes ruber","Numenius arquata"
"513","Ranatra elongata","Numenius arquata"
"514","Ranatra filiformis","Numenius arquata"
"515","Ranatra varipes","Numenius arquata"
"516","Anisops campbelli","Numenius arquata"
"517","Hydrovatus confertus","Numenius arquata"
"518","Pila globosa","Numenius arquata"
"519","Filopaludina bengalensis","Numenius arquata"
"520","Melanoides tuberculata","Numenius arquata"
"521","Tarebia lineata","Numenius arquata"
"522","Bithynia pulchella","Numenius arquata"
"523","Gabbia orcula","Numenius arquata"
"524","Radix rufescens","Numenius arquata"
"525","Racesina luteola","Numenius arquata"
"526","Gyraulus barrackporensis","Numenius arquata"
"527","Gyraulus convexiusculus","Numenius arquata"
"528","Gyraulus euphraticus","Numenius arquata"
"529","Indoplanorbis exustus","Numenius arquata"
"530","Pila globosa","Calidris minuta"
"531","Filopaludina bengalensis","Calidris minuta"
"532","Melanoides tuberculata","Calidris minuta"
"533","Tarebia lineata","Calidris minuta"
"534","Bithynia pulchella","Calidris minuta"
"535","Gabbia orcula","Calidris minuta"
"536","Radix rufescens","Calidris minuta"
"537","Racesina luteola","Calidris minuta"
"538","Gyraulus barrackporensis","Calidris minuta"
"539","Gyraulus convexiusculus","Calidris minuta"
"540","Gyraulus euphraticus","Calidris minuta"
"541","Indoplanorbis exustus","Calidris minuta"
"542","Macrobrachium malcolmsonii","Calidris minuta"
"543","Macrobrachium rosenbergii","Calidris minuta"
"544","Macrobrachium rude","Calidris minuta"
"545","Macrobrachium equidens","Calidris minuta"
"546","Diplonychus annulatus","Calidris minuta"
"547","Diplonychus rusticus","Calidris minuta"
"548","Aquarius adelaides","Calidris minuta"
"549","Limnogonus fossarum","Calidris minuta"
"550","Laccotrephes griseus","Calidris minuta"
"551","Laccotrephes ruber","Calidris minuta"
"552","Ranatra elongata","Calidris minuta"
"553","Ranatra filiformis","Calidris minuta"
"554","Ranatra varipes","Calidris minuta"
"555","Anisops campbelli","Calidris minuta"
"556","Hydrovatus confertus","Calidris minuta"
"557","Diplonychus annulatus","Xenus cinereus"
"558","Diplonychus rusticus","Xenus cinereus"
"559","Aquarius adelaides","Xenus cinereus"
"560","Limnogonus fossarum","Xenus cinereus"
"561","Laccotrephes griseus","Xenus cinereus"
"562","Laccotrephes ruber","Xenus cinereus"
"563","Ranatra elongata","Xenus cinereus"
"564","Ranatra filiformis","Xenus cinereus"
"565","Ranatra varipes","Xenus cinereus"
"566","Anisops campbelli","Xenus cinereus"
"567","Hydrovatus confertus","Xenus cinereus"
"568","Macrobrachium malcolmsonii","Xenus cinereus"
"569","Macrobrachium rosenbergii","Xenus cinereus"
"570","Macrobrachium rude","Xenus cinereus"
"571","Macrobrachium equidens","Xenus cinereus"
"572","Pila globosa","Xenus cinereus"
"573","Filopaludina bengalensis","Xenus cinereus"
"574","Melanoides tuberculata","Xenus cinereus"
"575","Tarebia lineata","Xenus cinereus"
"576","Bithynia pulchella","Xenus cinereus"
"577","Gabbia orcula","Xenus cinereus"
"578","Radix rufescens","Xenus cinereus"
"579","Racesina luteola","Xenus cinereus"
"580","Gyraulus barrackporensis","Xenus cinereus"
"581","Gyraulus convexiusculus","Xenus cinereus"
"582","Gyraulus euphraticus","Xenus cinereus"
"583","Indoplanorbis exustus","Xenus cinereus"
"584","Pila globosa","Tringa ochropus"
"585","Filopaludina bengalensis","Tringa ochropus"
"586","Melanoides tuberculata","Tringa ochropus"
"587","Tarebia lineata","Tringa ochropus"
"588","Bithynia pulchella","Tringa ochropus"
"589","Gabbia orcula","Tringa ochropus"
"590","Radix rufescens","Tringa ochropus"
"591","Racesina luteola","Tringa ochropus"
"592","Gyraulus barrackporensis","Tringa ochropus"
"593","Gyraulus convexiusculus","Tringa ochropus"
"594","Gyraulus euphraticus","Tringa ochropus"
"595","Indoplanorbis exustus","Tringa ochropus"
"596","Macrobrachium malcolmsonii","Tringa ochropus"
"597","Macrobrachium rosenbergii","Tringa ochropus"
"598","Macrobrachium rude","Tringa ochropus"
"599","Macrobrachium equidens","Tringa ochropus"
"600","Diplonychus annulatus","Tringa ochropus"
"601","Diplonychus rusticus","Tringa ochropus"
"602","Aquarius adelaides","Tringa ochropus"
"603","Limnogonus fossarum","Tringa ochropus"
"604","Laccotrephes griseus","Tringa ochropus"
"605","Laccotrephes ruber","Tringa ochropus"
"606","Ranatra elongata","Tringa ochropus"
"607","Ranatra filiformis","Tringa ochropus"
"608","Ranatra varipes","Tringa ochropus"
"609","Anisops campbelli","Tringa ochropus"
"610","Hydrovatus confertus","Tringa ochropus"
"611","Tadploes","Tringa nebularia"
"612","Pila globosa","Tringa nebularia"
"613","Filopaludina bengalensis","Tringa nebularia"
"614","Melanoides tuberculata","Tringa nebularia"
"615","Tarebia lineata","Tringa nebularia"
"616","Bithynia pulchella","Tringa nebularia"
"617","Gabbia orcula","Tringa nebularia"
"618","Radix rufescens","Tringa nebularia"
"619","Racesina luteola","Tringa nebularia"
"620","Gyraulus barrackporensis","Tringa nebularia"
"621","Gyraulus convexiusculus","Tringa nebularia"
"622","Gyraulus euphraticus","Tringa nebularia"
"623","Indoplanorbis exustus","Tringa nebularia"
"624","Macrobrachium malcolmsonii","Tringa nebularia"
"625","Macrobrachium rosenbergii","Tringa nebularia"
"626","Macrobrachium rude","Tringa nebularia"
"627","Macrobrachium equidens","Tringa nebularia"
"628","Diplonychus annulatus","Tringa nebularia"
"629","Diplonychus rusticus","Tringa nebularia"
"630","Aquarius adelaides","Tringa nebularia"
"631","Limnogonus fossarum","Tringa nebularia"
"632","Laccotrephes griseus","Tringa nebularia"
"633","Laccotrephes ruber","Tringa nebularia"
"634","Ranatra elongata","Tringa nebularia"
"635","Ranatra filiformis","Tringa nebularia"
"636","Ranatra varipes","Tringa nebularia"
"637","Anisops campbelli","Tringa nebularia"
"638","Hydrovatus confertus","Tringa nebularia"
"639","Pila globosa","Tringa stagnatilis"
"640","Filopaludina bengalensis","Tringa stagnatilis"
"641","Melanoides tuberculata","Tringa stagnatilis"
"642","Tarebia lineata","Tringa stagnatilis"
"643","Bithynia pulchella","Tringa stagnatilis"
"644","Gabbia orcula","Tringa stagnatilis"
"645","Radix rufescens","Tringa stagnatilis"
"646","Racesina luteola","Tringa stagnatilis"
"647","Gyraulus barrackporensis","Tringa stagnatilis"
"648","Gyraulus convexiusculus","Tringa stagnatilis"
"649","Gyraulus euphraticus","Tringa stagnatilis"
"650","Indoplanorbis exustus","Tringa stagnatilis"
"651","Macrobrachium malcolmsonii","Tringa stagnatilis"
"652","Macrobrachium rosenbergii","Tringa stagnatilis"
"653","Macrobrachium rude","Tringa stagnatilis"
"654","Macrobrachium equidens","Tringa stagnatilis"
"655","Diplonychus annulatus","Tringa stagnatilis"
"656","Diplonychus rusticus","Tringa stagnatilis"
"657","Aquarius adelaides","Tringa stagnatilis"
"658","Limnogonus fossarum","Tringa stagnatilis"
"659","Laccotrephes griseus","Tringa stagnatilis"
"660","Laccotrephes ruber","Tringa stagnatilis"
"661","Ranatra elongata","Tringa stagnatilis"
"662","Ranatra filiformis","Tringa stagnatilis"
"663","Ranatra varipes","Tringa stagnatilis"
"664","Anisops campbelli","Tringa stagnatilis"
"665","Hydrovatus confertus","Tringa stagnatilis"
"666","Parambassis baculis","Tringa glareola"
"667","Aplocheilus panchax","Tringa glareola"
"668","Badis badis","Tringa glareola"
"669","Puntius vittatus","Tringa glareola"
"670","Rasbora daniconius","Tringa glareola"
"671","Pethia phutunio","Tringa glareola"
"672","Trichogaster lalius","Tringa glareola"
"673","Trichogaster fasciata","Tringa glareola"
"674","Pila globosa","Tringa glareola"
"675","Filopaludina bengalensis","Tringa glareola"
"676","Melanoides tuberculata","Tringa glareola"
"677","Tarebia lineata","Tringa glareola"
"678","Bithynia pulchella","Tringa glareola"
"679","Gabbia orcula","Tringa glareola"
"680","Radix rufescens","Tringa glareola"
"681","Racesina luteola","Tringa glareola"
"682","Gyraulus barrackporensis","Tringa glareola"
"683","Gyraulus convexiusculus","Tringa glareola"
"684","Gyraulus euphraticus","Tringa glareola"
"685","Indoplanorbis exustus","Tringa glareola"
"686","Macrobrachium malcolmsonii","Tringa glareola"
"687","Macrobrachium rosenbergii","Tringa glareola"
"688","Macrobrachium rude","Tringa glareola"
"689","Macrobrachium equidens","Tringa glareola"
"690","Big fish juveniles","Tringa glareola"
"691","Pila globosa","Tringa tetanus"
"692","Filopaludina bengalensis","Tringa tetanus"
"693","Melanoides tuberculata","Tringa tetanus"
"694","Tarebia lineata","Tringa tetanus"
"695","Bithynia pulchella","Tringa tetanus"
"696","Gabbia orcula","Tringa tetanus"
"697","Radix rufescens","Tringa tetanus"
"698","Racesina luteola","Tringa tetanus"
"699","Gyraulus barrackporensis","Tringa tetanus"
"700","Gyraulus convexiusculus","Tringa tetanus"
"701","Gyraulus euphraticus","Tringa tetanus"
"702","Indoplanorbis exustus","Tringa tetanus"
"703","Diplonychus annulatus","Tringa tetanus"
"704","Diplonychus rusticus","Tringa tetanus"
"705","Aquarius adelaides","Tringa tetanus"
"706","Limnogonus fossarum","Tringa tetanus"
"707","Laccotrephes griseus","Tringa tetanus"
"708","Laccotrephes ruber","Tringa tetanus"
"709","Ranatra elongata","Tringa tetanus"
"710","Ranatra filiformis","Tringa tetanus"
"711","Ranatra varipes","Tringa tetanus"
"712","Anisops campbelli","Tringa tetanus"
"713","Hydrovatus confertus","Tringa tetanus"
"714","Parambassis baculis","Chroicocephalus brunnicephalus"
"715","Aplocheilus panchax","Chroicocephalus brunnicephalus"
"716","Badis badis","Chroicocephalus brunnicephalus"
"717","Puntius vittatus","Chroicocephalus brunnicephalus"
"718","Rasbora daniconius","Chroicocephalus brunnicephalus"
"719","Pethia phutunio","Chroicocephalus brunnicephalus"
"720","Trichogaster lalius","Chroicocephalus brunnicephalus"
"721","Trichogaster fasciata","Chroicocephalus brunnicephalus"
"722","Macrobrachium malcolmsonii","Chroicocephalus brunnicephalus"
"723","Macrobrachium rosenbergii","Chroicocephalus brunnicephalus"
"724","Macrobrachium rude","Chroicocephalus brunnicephalus"
"725","Macrobrachium equidens","Chroicocephalus brunnicephalus"
"726","Diplonychus annulatus","Chroicocephalus brunnicephalus"
"727","Diplonychus rusticus","Chroicocephalus brunnicephalus"
"728","Aquarius adelaides","Chroicocephalus brunnicephalus"
"729","Limnogonus fossarum","Chroicocephalus brunnicephalus"
"730","Laccotrephes griseus","Chroicocephalus brunnicephalus"
"731","Laccotrephes ruber","Chroicocephalus brunnicephalus"
"732","Ranatra elongata","Chroicocephalus brunnicephalus"
"733","Ranatra filiformis","Chroicocephalus brunnicephalus"
"734","Ranatra varipes","Chroicocephalus brunnicephalus"
"735","Anisops campbelli","Chroicocephalus brunnicephalus"
"736","Hydrovatus confertus","Chroicocephalus brunnicephalus"
"737","Big fish juveniles","Chroicocephalus brunnicephalus"
"738","Parambassis baculis","Sternula albifrons"
"739","Aplocheilus panchax","Sternula albifrons"
"740","Badis badis","Sternula albifrons"
"741","Puntius vittatus","Sternula albifrons"
"742","Rasbora daniconius","Sternula albifrons"
"743","Pethia phutunio","Sternula albifrons"
"744","Trichogaster lalius","Sternula albifrons"
"745","Trichogaster fasciata","Sternula albifrons"
"746","Macrobrachium malcolmsonii","Sternula albifrons"
"747","Macrobrachium rosenbergii","Sternula albifrons"
"748","Macrobrachium rude","Sternula albifrons"
"749","Macrobrachium equidens","Sternula albifrons"
"750","Big fish juveniles","Sternula albifrons"
"751","Tadploes","Chlidonias hybrida"
"752","Parambassis baculis","Chlidonias hybrida"
"753","Aplocheilus panchax","Chlidonias hybrida"
"754","Badis badis","Chlidonias hybrida"
"755","Puntius vittatus","Chlidonias hybrida"
"756","Rasbora daniconius","Chlidonias hybrida"
"757","Pethia phutunio","Chlidonias hybrida"
"758","Trichogaster lalius","Chlidonias hybrida"
"759","Trichogaster fasciata","Chlidonias hybrida"
"760","Macrobrachium malcolmsonii","Chlidonias hybrida"
"761","Macrobrachium rosenbergii","Chlidonias hybrida"
"762","Macrobrachium rude","Chlidonias hybrida"
"763","Macrobrachium equidens","Chlidonias hybrida"
"764","Diplonychus annulatus","Chlidonias hybrida"
"765","Diplonychus rusticus","Chlidonias hybrida"
"766","Aquarius adelaides","Chlidonias hybrida"
"767","Limnogonus fossarum","Chlidonias hybrida"
"768","Laccotrephes griseus","Chlidonias hybrida"
"769","Laccotrephes ruber","Chlidonias hybrida"
"770","Ranatra elongata","Chlidonias hybrida"
"771","Ranatra filiformis","Chlidonias hybrida"
"772","Ranatra varipes","Chlidonias hybrida"
"773","Anisops campbelli","Chlidonias hybrida"
"774","Hydrovatus confertus","Chlidonias hybrida"
"775","Big fish juveniles","Chlidonias hybrida"
"776","Tadploes","Sterna aurantia"
"777","Parambassis baculis","Sterna aurantia"
"778","Aplocheilus panchax","Sterna aurantia"
"779","Badis badis","Sterna aurantia"
"780","Puntius vittatus","Sterna aurantia"
"781","Rasbora daniconius","Sterna aurantia"
"782","Pethia phutunio","Sterna aurantia"
"783","Trichogaster lalius","Sterna aurantia"
"784","Trichogaster fasciata","Sterna aurantia"
"785","Macrobrachium malcolmsonii","Sterna aurantia"
"786","Macrobrachium rosenbergii","Sterna aurantia"
"787","Macrobrachium rude","Sterna aurantia"
"788","Macrobrachium equidens","Sterna aurantia"
"789","Diplonychus annulatus","Sterna aurantia"
"790","Diplonychus rusticus","Sterna aurantia"
"791","Aquarius adelaides","Sterna aurantia"
"792","Limnogonus fossarum","Sterna aurantia"
"793","Laccotrephes griseus","Sterna aurantia"
"794","Laccotrephes ruber","Sterna aurantia"
"795","Ranatra elongata","Sterna aurantia"
"796","Ranatra filiformis","Sterna aurantia"
"797","Ranatra varipes","Sterna aurantia"
"798","Anisops campbelli","Sterna aurantia"
"799","Hydrovatus confertus","Sterna aurantia"
"800","Big fish juveniles","Sterna aurantia"
"801","Pila globosa","Anastomus oscitans"
"802","Filopaludina bengalensis","Anastomus oscitans"
"803","Melanoides tuberculata","Anastomus oscitans"
"804","Tarebia lineata","Anastomus oscitans"
"805","Bithynia pulchella","Anastomus oscitans"
"806","Gabbia orcula","Anastomus oscitans"
"807","Radix rufescens","Anastomus oscitans"
"808","Racesina luteola","Anastomus oscitans"
"809","Gyraulus barrackporensis","Anastomus oscitans"
"810","Gyraulus convexiusculus","Anastomus oscitans"
"811","Gyraulus euphraticus","Anastomus oscitans"
"812","Indoplanorbis exustus","Anastomus oscitans"
"813","Minervarya agricola","Anastomus oscitans"
"814","Microhyla mymensinghensis","Anastomus oscitans"
"815","Polypedates maculatus","Anastomus oscitans"
"816","Parambassis baculis","Anastomus oscitans"
"817","Aplocheilus panchax","Anastomus oscitans"
"818","Badis badis","Anastomus oscitans"
"819","Puntius vittatus","Anastomus oscitans"
"820","Rasbora daniconius","Anastomus oscitans"
"821","Pethia phutunio","Anastomus oscitans"
"822","Trichogaster lalius","Anastomus oscitans"
"823","Trichogaster fasciata","Anastomus oscitans"
"824","Big fish juveniles","Anastomus oscitans"
"825","Tadploes","Anastomus oscitans"
"826","Parambassis baculis","Mycteria leucocephala"
"827","Aplocheilus panchax","Mycteria leucocephala"
"828","Netuma thalassina","Mycteria leucocephala"
"829","Badis badis","Mycteria leucocephala"
"830","Mystus tengara","Mycteria leucocephala"
"831","Mystus vittatus","Mycteria leucocephala"
"832","Xenentodon cancila","Mycteria leucocephala"
"833","Channa punctata","Mycteria leucocephala"
"834","Channa striata","Mycteria leucocephala"
"835","Channa gachua","Mycteria leucocephala"
"836","Oreochromis niloticus","Mycteria leucocephala"
"837","Puntius vittatus","Mycteria leucocephala"
"838","Rasbora daniconius","Mycteria leucocephala"
"839","Pethia phutunio","Mycteria leucocephala"
"840","Glossogobius giuris","Mycteria leucocephala"
"841","Heteropneustes fossilis","Mycteria leucocephala"
"842","Macrognathus pancalus","Mycteria leucocephala"
"843","Mastacembelus armatus","Mycteria leucocephala"
"844","Notopterus notopterus","Mycteria leucocephala"
"845","Trichogaster lalius","Mycteria leucocephala"
"846","Trichogaster fasciata","Mycteria leucocephala"
"847","Duttaphrynus melanostictus","Mycteria leucocephala"
"848","Minervarya agricola","Mycteria leucocephala"
"849","Euphlyctis cyanophlyctis","Mycteria leucocephala"
"850","Hoplobatrachus tigerinus","Mycteria leucocephala"
"851","Microhyla mymensinghensis","Mycteria leucocephala"
"852","Polypedates maculatus","Mycteria leucocephala"
"853","Diplonychus annulatus","Mycteria leucocephala"
"854","Diplonychus rusticus","Mycteria leucocephala"
"855","Aquarius adelaides","Mycteria leucocephala"
"856","Limnogonus fossarum","Mycteria leucocephala"
"857","Laccotrephes griseus","Mycteria leucocephala"
"858","Laccotrephes ruber","Mycteria leucocephala"
"859","Ranatra elongata","Mycteria leucocephala"
"860","Ranatra filiformis","Mycteria leucocephala"
"861","Ranatra varipes","Mycteria leucocephala"
"862","Anisops campbelli","Mycteria leucocephala"
"863","Hydrovatus confertus","Mycteria leucocephala"
"864","Big fish juveniles","Mycteria leucocephala"
"865","Tadploes","Mycteria leucocephala"
"866","Parambassis baculis","Anhinga melanogaster"
"867","Aplocheilus panchax","Anhinga melanogaster"
"868","Badis badis","Anhinga melanogaster"
"869","Puntius vittatus","Anhinga melanogaster"
"870","Rasbora daniconius","Anhinga melanogaster"
"871","Pethia phutunio","Anhinga melanogaster"
"872","Trichogaster lalius","Anhinga melanogaster"
"873","Trichogaster fasciata","Anhinga melanogaster"
"874","Big fish juveniles","Anhinga melanogaster"
"875","Parambassis baculis","Microcarbo niger"
"876","Aplocheilus panchax","Microcarbo niger"
"877","Badis badis","Microcarbo niger"
"878","Puntius vittatus","Microcarbo niger"
"879","Rasbora daniconius","Microcarbo niger"
"880","Pethia phutunio","Microcarbo niger"
"881","Trichogaster lalius","Microcarbo niger"
"882","Trichogaster fasciata","Microcarbo niger"
"883","Tadploes","Microcarbo niger"
"884","Duttaphrynus melanostictus","Microcarbo niger"
"885","Minervarya agricola","Microcarbo niger"
"886","Euphlyctis cyanophlyctis","Microcarbo niger"
"887","Hoplobatrachus tigerinus","Microcarbo niger"
"888","Microhyla mymensinghensis","Microcarbo niger"
"889","Polypedates maculatus","Microcarbo niger"
"890","Macrobrachium malcolmsonii","Microcarbo niger"
"891","Macrobrachium rosenbergii","Microcarbo niger"
"892","Macrobrachium rude","Microcarbo niger"
"893","Macrobrachium equidens","Microcarbo niger"
"894","Big fish juveniles","Microcarbo niger"
"895","Parambassis baculis","Phalacrocorax fuscicollis"
"896","Aplocheilus panchax","Phalacrocorax fuscicollis"
"897","Badis badis","Phalacrocorax fuscicollis"
"898","Puntius vittatus","Phalacrocorax fuscicollis"
"899","Rasbora daniconius","Phalacrocorax fuscicollis"
"900","Pethia phutunio","Phalacrocorax fuscicollis"
"901","Trichogaster lalius","Phalacrocorax fuscicollis"
"902","Trichogaster fasciata","Phalacrocorax fuscicollis"
"903","Big fish juveniles","Phalacrocorax fuscicollis"
"904","Parambassis baculis","Ardea cinerea"
"905","Aplocheilus panchax","Ardea cinerea"
"906","Netuma thalassina","Ardea cinerea"
"907","Badis badis","Ardea cinerea"
"908","Mystus tengara","Ardea cinerea"
"909","Mystus vittatus","Ardea cinerea"
"910","Xenentodon cancila","Ardea cinerea"
"911","Channa punctata","Ardea cinerea"
"912","Channa striata","Ardea cinerea"
"913","Channa gachua","Ardea cinerea"
"914","Oreochromis niloticus","Ardea cinerea"
"915","Puntius vittatus","Ardea cinerea"
"916","Rasbora daniconius","Ardea cinerea"
"917","Pethia phutunio","Ardea cinerea"
"918","Glossogobius giuris","Ardea cinerea"
"919","Heteropneustes fossilis","Ardea cinerea"
"920","Macrognathus pancalus","Ardea cinerea"
"921","Mastacembelus armatus","Ardea cinerea"
"922","Notopterus notopterus","Ardea cinerea"
"923","Trichogaster lalius","Ardea cinerea"
"924","Trichogaster fasciata","Ardea cinerea"
"925","Duttaphrynus melanostictus","Ardea cinerea"
"926","Minervarya agricola","Ardea cinerea"
"927","Euphlyctis cyanophlyctis","Ardea cinerea"
"928","Hoplobatrachus tigerinus","Ardea cinerea"
"929","Microhyla mymensinghensis","Ardea cinerea"
"930","Polypedates maculatus","Ardea cinerea"
"931","Diplonychus annulatus","Ardea cinerea"
"932","Diplonychus rusticus","Ardea cinerea"
"933","Aquarius adelaides","Ardea cinerea"
"934","Limnogonus fossarum","Ardea cinerea"
"935","Laccotrephes griseus","Ardea cinerea"
"936","Laccotrephes ruber","Ardea cinerea"
"937","Ranatra elongata","Ardea cinerea"
"938","Ranatra filiformis","Ardea cinerea"
"939","Ranatra varipes","Ardea cinerea"
"940","Anisops campbelli","Ardea cinerea"
"941","Hydrovatus confertus","Ardea cinerea"
"942","Macrobrachium malcolmsonii","Ardea cinerea"
"943","Macrobrachium rosenbergii","Ardea cinerea"
"944","Macrobrachium rude","Ardea cinerea"
"945","Macrobrachium equidens","Ardea cinerea"
"946","Pila globosa","Ardea cinerea"
"947","Filopaludina bengalensis","Ardea cinerea"
"948","Melanoides tuberculata","Ardea cinerea"
"949","Tarebia lineata","Ardea cinerea"
"950","Bithynia pulchella","Ardea cinerea"
"951","Gabbia orcula","Ardea cinerea"
"952","Radix rufescens","Ardea cinerea"
"953","Racesina luteola","Ardea cinerea"
"954","Gyraulus barrackporensis","Ardea cinerea"
"955","Gyraulus convexiusculus","Ardea cinerea"
"956","Gyraulus euphraticus","Ardea cinerea"
"957","Indoplanorbis exustus","Ardea cinerea"
"958","Big fish juveniles","Ardea cinerea"
"959","Parambassis baculis","Ardea purpurea"
"960","Aplocheilus panchax","Ardea purpurea"
"961","Badis badis","Ardea purpurea"
"962","Puntius vittatus","Ardea purpurea"
"963","Rasbora daniconius","Ardea purpurea"
"964","Pethia phutunio","Ardea purpurea"
"965","Trichogaster lalius","Ardea purpurea"
"966","Trichogaster fasciata","Ardea purpurea"
"967","Enhydris enhydris","Ardea purpurea"
"968","Fowlea piscator","Ardea purpurea"
"969","Duttaphrynus melanostictus","Ardea purpurea"
"970","Minervarya agricola","Ardea purpurea"
"971","Euphlyctis cyanophlyctis","Ardea purpurea"
"972","Hoplobatrachus tigerinus","Ardea purpurea"
"973","Microhyla mymensinghensis","Ardea purpurea"
"974","Polypedates maculatus","Ardea purpurea"
"975","Diplonychus annulatus","Ardea purpurea"
"976","Diplonychus rusticus","Ardea purpurea"
"977","Aquarius adelaides","Ardea purpurea"
"978","Limnogonus fossarum","Ardea purpurea"
"979","Laccotrephes griseus","Ardea purpurea"
"980","Laccotrephes ruber","Ardea purpurea"
"981","Ranatra elongata","Ardea purpurea"
"982","Ranatra filiformis","Ardea purpurea"
"983","Ranatra varipes","Ardea purpurea"
"984","Anisops campbelli","Ardea purpurea"
"985","Hydrovatus confertus","Ardea purpurea"
"986","Big fish juveniles","Ardea purpurea"
"987","Parambassis baculis","Ardea alba"
"988","Aplocheilus panchax","Ardea alba"
"989","Badis badis","Ardea alba"
"990","Puntius vittatus","Ardea alba"
"991","Rasbora daniconius","Ardea alba"
"992","Pethia phutunio","Ardea alba"
"993","Trichogaster lalius","Ardea alba"
"994","Trichogaster fasciata","Ardea alba"
"995","Duttaphrynus melanostictus","Ardea alba"
"996","Minervarya agricola","Ardea alba"
"997","Euphlyctis cyanophlyctis","Ardea alba"
"998","Hoplobatrachus tigerinus","Ardea alba"
"999","Microhyla mymensinghensis","Ardea alba"
"1000","Polypedates maculatus","Ardea alba"
"1001","Diplonychus annulatus","Ardea alba"
"1002","Diplonychus rusticus","Ardea alba"
"1003","Aquarius adelaides","Ardea alba"
"1004","Limnogonus fossarum","Ardea alba"
"1005","Laccotrephes griseus","Ardea alba"
"1006","Laccotrephes ruber","Ardea alba"
"1007","Ranatra elongata","Ardea alba"
"1008","Ranatra filiformis","Ardea alba"
"1009","Ranatra varipes","Ardea alba"
"1010","Anisops campbelli","Ardea alba"
"1011","Hydrovatus confertus","Ardea alba"
"1012","Big fish juveniles","Ardea alba"
"1013","Parambassis baculis","Ardea intermedia"
"1014","Aplocheilus panchax","Ardea intermedia"
"1015","Badis badis","Ardea intermedia"
"1016","Puntius vittatus","Ardea intermedia"
"1017","Rasbora daniconius","Ardea intermedia"
"1018","Pethia phutunio","Ardea intermedia"
"1019","Trichogaster lalius","Ardea intermedia"
"1020","Trichogaster fasciata","Ardea intermedia"
"1021","Duttaphrynus melanostictus","Ardea intermedia"
"1022","Minervarya agricola","Ardea intermedia"
"1023","Euphlyctis cyanophlyctis","Ardea intermedia"
"1024","Hoplobatrachus tigerinus","Ardea intermedia"
"1025","Microhyla mymensinghensis","Ardea intermedia"
"1026","Polypedates maculatus","Ardea intermedia"
"1027","Diplonychus annulatus","Ardea intermedia"
"1028","Diplonychus rusticus","Ardea intermedia"
"1029","Aquarius adelaides","Ardea intermedia"
"1030","Limnogonus fossarum","Ardea intermedia"
"1031","Laccotrephes griseus","Ardea intermedia"
"1032","Laccotrephes ruber","Ardea intermedia"
"1033","Ranatra elongata","Ardea intermedia"
"1034","Ranatra filiformis","Ardea intermedia"
"1035","Ranatra varipes","Ardea intermedia"
"1036","Anisops campbelli","Ardea intermedia"
"1037","Hydrovatus confertus","Ardea intermedia"
"1038","Big fish juveniles","Ardea intermedia"
"1039","Parambassis baculis","Egretta garzetta"
"1040","Aplocheilus panchax","Egretta garzetta"
"1041","Badis badis","Egretta garzetta"
"1042","Puntius vittatus","Egretta garzetta"
"1043","Rasbora daniconius","Egretta garzetta"
"1044","Pethia phutunio","Egretta garzetta"
"1045","Trichogaster lalius","Egretta garzetta"
"1046","Trichogaster fasciata","Egretta garzetta"
"1047","Duttaphrynus melanostictus","Egretta garzetta"
"1048","Minervarya agricola","Egretta garzetta"
"1049","Euphlyctis cyanophlyctis","Egretta garzetta"
"1050","Hoplobatrachus tigerinus","Egretta garzetta"
"1051","Microhyla mymensinghensis","Egretta garzetta"
"1052","Polypedates maculatus","Egretta garzetta"
"1053","Diplonychus annulatus","Egretta garzetta"
"1054","Diplonychus rusticus","Egretta garzetta"
"1055","Aquarius adelaides","Egretta garzetta"
"1056","Limnogonus fossarum","Egretta garzetta"
"1057","Laccotrephes griseus","Egretta garzetta"
"1058","Laccotrephes ruber","Egretta garzetta"
"1059","Ranatra elongata","Egretta garzetta"
"1060","Ranatra filiformis","Egretta garzetta"
"1061","Ranatra varipes","Egretta garzetta"
"1062","Anisops campbelli","Egretta garzetta"
"1063","Hydrovatus confertus","Egretta garzetta"
"1064","Macrobrachium malcolmsonii","Egretta garzetta"
"1065","Macrobrachium rosenbergii","Egretta garzetta"
"1066","Macrobrachium rude","Egretta garzetta"
"1067","Macrobrachium equidens","Egretta garzetta"
"1068","Big fish juveniles","Egretta garzetta"
"1069","Parambassis baculis","Bubulcus ibis"
"1070","Aplocheilus panchax","Bubulcus ibis"
"1071","Badis badis","Bubulcus ibis"
"1072","Puntius vittatus","Bubulcus ibis"
"1073","Rasbora daniconius","Bubulcus ibis"
"1074","Pethia phutunio","Bubulcus ibis"
"1075","Trichogaster lalius","Bubulcus ibis"
"1076","Trichogaster fasciata","Bubulcus ibis"
"1077","Diplonychus annulatus","Bubulcus ibis"
"1078","Diplonychus rusticus","Bubulcus ibis"
"1079","Aquarius adelaides","Bubulcus ibis"
"1080","Limnogonus fossarum","Bubulcus ibis"
"1081","Laccotrephes griseus","Bubulcus ibis"
"1082","Laccotrephes ruber","Bubulcus ibis"
"1083","Ranatra elongata","Bubulcus ibis"
"1084","Ranatra filiformis","Bubulcus ibis"
"1085","Ranatra varipes","Bubulcus ibis"
"1086","Anisops campbelli","Bubulcus ibis"
"1087","Hydrovatus confertus","Bubulcus ibis"
"1088","Big fish juveniles","Bubulcus ibis"
"1089","Parambassis baculis","Ardeola grayii"
"1090","Aplocheilus panchax","Ardeola grayii"
"1091","Badis badis","Ardeola grayii"
"1092","Puntius vittatus","Ardeola grayii"
"1093","Rasbora daniconius","Ardeola grayii"
"1094","Pethia phutunio","Ardeola grayii"
"1095","Trichogaster lalius","Ardeola grayii"
"1096","Trichogaster fasciata","Ardeola grayii"
"1097","Duttaphrynus melanostictus","Ardeola grayii"
"1098","Minervarya agricola","Ardeola grayii"
"1099","Euphlyctis cyanophlyctis","Ardeola grayii"
"1100","Hoplobatrachus tigerinus","Ardeola grayii"
"1101","Microhyla mymensinghensis","Ardeola grayii"
"1102","Polypedates maculatus","Ardeola grayii"
"1103","Diplonychus annulatus","Ardeola grayii"
"1104","Diplonychus rusticus","Ardeola grayii"
"1105","Aquarius adelaides","Ardeola grayii"
"1106","Limnogonus fossarum","Ardeola grayii"
"1107","Laccotrephes griseus","Ardeola grayii"
"1108","Laccotrephes ruber","Ardeola grayii"
"1109","Ranatra elongata","Ardeola grayii"
"1110","Ranatra filiformis","Ardeola grayii"
"1111","Ranatra varipes","Ardeola grayii"
"1112","Anisops campbelli","Ardeola grayii"
"1113","Hydrovatus confertus","Ardeola grayii"
"1114","Macrobrachium malcolmsonii","Ardeola grayii"
"1115","Macrobrachium rosenbergii","Ardeola grayii"
"1116","Macrobrachium rude","Ardeola grayii"
"1117","Macrobrachium equidens","Ardeola grayii"
"1118","Tadploes","Ardeola grayii"
"1119","Big fish juveniles","Ardeola grayii"
"1120","Parambassis baculis","Nycticorax nycticorax"
"1121","Aplocheilus panchax","Nycticorax nycticorax"
"1122","Badis badis","Nycticorax nycticorax"
"1123","Puntius vittatus","Nycticorax nycticorax"
"1124","Rasbora daniconius","Nycticorax nycticorax"
"1125","Pethia phutunio","Nycticorax nycticorax"
"1126","Trichogaster lalius","Nycticorax nycticorax"
"1127","Trichogaster fasciata","Nycticorax nycticorax"
"1128","Duttaphrynus melanostictus","Nycticorax nycticorax"
"1129","Minervarya agricola","Nycticorax nycticorax"
"1130","Euphlyctis cyanophlyctis","Nycticorax nycticorax"
"1131","Hoplobatrachus tigerinus","Nycticorax nycticorax"
"1132","Microhyla mymensinghensis","Nycticorax nycticorax"
"1133","Polypedates maculatus","Nycticorax nycticorax"
"1134","Diplonychus annulatus","Nycticorax nycticorax"
"1135","Diplonychus rusticus","Nycticorax nycticorax"
"1136","Aquarius adelaides","Nycticorax nycticorax"
"1137","Limnogonus fossarum","Nycticorax nycticorax"
"1138","Laccotrephes griseus","Nycticorax nycticorax"
"1139","Laccotrephes ruber","Nycticorax nycticorax"
"1140","Ranatra elongata","Nycticorax nycticorax"
"1141","Ranatra filiformis","Nycticorax nycticorax"
"1142","Ranatra varipes","Nycticorax nycticorax"
"1143","Anisops campbelli","Nycticorax nycticorax"
"1144","Hydrovatus confertus","Nycticorax nycticorax"
"1145","Big fish juveniles","Nycticorax nycticorax"
"1146","Pila globosa","Plegadis falcinellus"
"1147","Filopaludina bengalensis","Plegadis falcinellus"
"1148","Melanoides tuberculata","Plegadis falcinellus"
"1149","Tarebia lineata","Plegadis falcinellus"
"1150","Bithynia pulchella","Plegadis falcinellus"
"1151","Gabbia orcula","Plegadis falcinellus"
"1152","Radix rufescens","Plegadis falcinellus"
"1153","Racesina luteola","Plegadis falcinellus"
"1154","Gyraulus barrackporensis","Plegadis falcinellus"
"1155","Gyraulus convexiusculus","Plegadis falcinellus"
"1156","Gyraulus euphraticus","Plegadis falcinellus"
"1157","Indoplanorbis exustus","Plegadis falcinellus"
"1170","Parambassis baculis","Plegadis falcinellus"
"1171","Aplocheilus panchax","Plegadis falcinellus"
"1172","Badis badis","Plegadis falcinellus"
"1173","Puntius vittatus","Plegadis falcinellus"
"1174","Rasbora daniconius","Plegadis falcinellus"
"1175","Pethia phutunio","Plegadis falcinellus"
"1176","Trichogaster lalius","Plegadis falcinellus"
"1177","Trichogaster fasciata","Plegadis falcinellus"
"1178","Big fish juveniles","Plegadis falcinellus"
"1179","Duttaphrynus melanostictus","Plegadis falcinellus"
"1180","Minervarya agricola","Plegadis falcinellus"
"1181","Euphlyctis cyanophlyctis","Plegadis falcinellus"
"1182","Hoplobatrachus tigerinus","Plegadis falcinellus"
"1183","Microhyla mymensinghensis","Plegadis falcinellus"
"1184","Polypedates maculatus","Plegadis falcinellus"
"1186","Enhydris enhydris","Plegadis falcinellus"
"1187","Fowlea piscator","Plegadis falcinellus"
"1188","Parambassis baculis","Threskiornis melanocephalus"
"1189","Aplocheilus panchax","Threskiornis melanocephalus"
"1190","Badis badis","Threskiornis melanocephalus"
"1191","Puntius vittatus","Threskiornis melanocephalus"
"1192","Rasbora daniconius","Threskiornis melanocephalus"
"1193","Pethia phutunio","Threskiornis melanocephalus"
"1194","Trichogaster lalius","Threskiornis melanocephalus"
"1195","Minervarya agricola","Threskiornis melanocephalus"
"1196","Euphlyctis cyanophlyctis","Threskiornis melanocephalus"
"1197","Hoplobatrachus tigerinus","Threskiornis melanocephalus"
"1198","Microhyla mymensinghensis","Threskiornis melanocephalus"
"1199","Polypedates maculatus","Threskiornis melanocephalus"
"1200","Diplonychus annulatus","Threskiornis melanocephalus"
"1201","Diplonychus rusticus","Threskiornis melanocephalus"
"1202","Aquarius adelaides","Threskiornis melanocephalus"
"1203","Limnogonus fossarum","Threskiornis melanocephalus"
"1204","Laccotrephes griseus","Threskiornis melanocephalus"
"1205","Laccotrephes ruber","Threskiornis melanocephalus"
"1206","Ranatra elongata","Threskiornis melanocephalus"
"1207","Ranatra filiformis","Threskiornis melanocephalus"
"1208","Ranatra varipes","Threskiornis melanocephalus"
"1209","Anisops campbelli","Threskiornis melanocephalus"
"1210","Hydrovatus confertus","Threskiornis melanocephalus"
"1211","Pila globosa","Threskiornis melanocephalus"
"1212","Filopaludina bengalensis","Threskiornis melanocephalus"
"1213","Melanoides tuberculata","Threskiornis melanocephalus"
"1214","Tarebia lineata","Threskiornis melanocephalus"
"1215","Bithynia pulchella","Threskiornis melanocephalus"
"1216","Gabbia orcula","Threskiornis melanocephalus"
"1217","Radix rufescens","Threskiornis melanocephalus"
"1218","Racesina luteola","Threskiornis melanocephalus"
"1219","Gyraulus barrackporensis","Threskiornis melanocephalus"
"1220","Gyraulus convexiusculus","Threskiornis melanocephalus"
"1221","Gyraulus euphraticus","Threskiornis melanocephalus"
"1222","Indoplanorbis exustus","Threskiornis melanocephalus"
"1223","Big fish juveniles","Threskiornis melanocephalus"
"1224","Parambassis baculis","Haliaeetus leucogaster"
"1225","Aplocheilus panchax","Haliaeetus leucogaster"
"1226","Netuma thalassina","Haliaeetus leucogaster"
"1227","Badis badis","Haliaeetus leucogaster"
"1228","Mystus tengara","Haliaeetus leucogaster"
"1229","Mystus vittatus","Haliaeetus leucogaster"
"1230","Xenentodon cancila","Haliaeetus leucogaster"
"1231","Channa punctata","Haliaeetus leucogaster"
"1232","Channa striata","Haliaeetus leucogaster"
"1233","Channa gachua","Haliaeetus leucogaster"
"1234","Oreochromis niloticus","Haliaeetus leucogaster"
"1235","Puntius vittatus","Haliaeetus leucogaster"
"1236","Rasbora daniconius","Haliaeetus leucogaster"
"1237","Pethia phutunio","Haliaeetus leucogaster"
"1238","Glossogobius giuris","Haliaeetus leucogaster"
"1239","Heteropneustes fossilis","Haliaeetus leucogaster"
"1240","Macrognathus pancalus","Haliaeetus leucogaster"
"1241","Mastacembelus armatus","Haliaeetus leucogaster"
"1242","Notopterus notopterus","Haliaeetus leucogaster"
"1243","Trichogaster lalius","Haliaeetus leucogaster"
"1244","Trichogaster fasciata","Haliaeetus leucogaster"
"1245","Enhydris enhydris","Haliaeetus leucogaster"
"1246","Fowlea piscator","Haliaeetus leucogaster"
"1247","Naja naja","Haliaeetus leucogaster"
"1248","Big fish juveniles","Haliaeetus leucogaster"
"1249","Enhydris enhydris","Spilornis cheela"
"1250","Fowlea piscator","Spilornis cheela"
"1251","Naja naja","Spilornis cheela"
"1252","Duttaphrynus melanostictus","Circus aeruginosus"
"1253","Minervarya agricola","Circus aeruginosus"
"1254","Euphlyctis cyanophlyctis","Circus aeruginosus"
"1255","Hoplobatrachus tigerinus","Circus aeruginosus"
"1256","Microhyla mymensinghensis","Circus aeruginosus"
"1257","Polypedates maculatus","Circus aeruginosus"
"1258","Mastacembelus armatus","Circus aeruginosus"
"1259","Notopterus notopterus","Circus aeruginosus"
"1260","Carp sp.","Circus aeruginosus"
"1261","Parambassis baculis","Alcedo atthis"
"1262","Aplocheilus panchax","Alcedo atthis"
"1263","Badis badis","Alcedo atthis"
"1264","Puntius vittatus","Alcedo atthis"
"1265","Rasbora daniconius","Alcedo atthis"
"1266","Pethia phutunio","Alcedo atthis"
"1267","Trichogaster lalius","Alcedo atthis"
"1268","Trichogaster fasciata","Alcedo atthis"
"1269","Tadploes","Alcedo atthis"
"1270","Minervarya agricola","Alcedo atthis"
"1271","Microhyla mymensinghensis","Alcedo atthis"
"1272","Polypedates maculatus","Alcedo atthis"
"1273","Diplonychus annulatus","Alcedo atthis"
"1274","Diplonychus rusticus","Alcedo atthis"
"1275","Aquarius adelaides","Alcedo atthis"
"1276","Limnogonus fossarum","Alcedo atthis"
"1277","Laccotrephes griseus","Alcedo atthis"
"1278","Laccotrephes ruber","Alcedo atthis"
"1279","Ranatra elongata","Alcedo atthis"
"1280","Ranatra filiformis","Alcedo atthis"
"1281","Ranatra varipes","Alcedo atthis"
"1282","Anisops campbelli","Alcedo atthis"
"1283","Hydrovatus confertus","Alcedo atthis"
"1284","Big fish juveniles","Alcedo atthis"
"1285","Parambassis baculis","Halcyon smyrnensis"
"1286","Aplocheilus panchax","Halcyon smyrnensis"
"1287","Badis badis","Halcyon smyrnensis"
"1288","Puntius vittatus","Halcyon smyrnensis"
"1289","Rasbora daniconius","Halcyon smyrnensis"
"1290","Pethia phutunio","Halcyon smyrnensis"
"1291","Trichogaster lalius","Halcyon smyrnensis"
"1292","Trichogaster fasciata","Halcyon smyrnensis"
"1293","Tadploes","Halcyon smyrnensis"
"1294","Minervarya agricola","Halcyon smyrnensis"
"1295","Microhyla mymensinghensis","Halcyon smyrnensis"
"1296","Polypedates maculatus","Halcyon smyrnensis"
"1297","Diplonychus annulatus","Halcyon smyrnensis"
"1298","Diplonychus rusticus","Halcyon smyrnensis"
"1299","Aquarius adelaides","Halcyon smyrnensis"
"1300","Limnogonus fossarum","Halcyon smyrnensis"
"1301","Laccotrephes griseus","Halcyon smyrnensis"
"1302","Laccotrephes ruber","Halcyon smyrnensis"
"1303","Ranatra elongata","Halcyon smyrnensis"
"1304","Ranatra filiformis","Halcyon smyrnensis"
"1305","Ranatra varipes","Halcyon smyrnensis"
"1306","Anisops campbelli","Halcyon smyrnensis"
"1307","Hydrovatus confertus","Halcyon smyrnensis"
"1308","Big fish juveniles","Halcyon smyrnensis"
"1309","Parambassis baculis","Ceryle rudis"
"1310","Aplocheilus panchax","Ceryle rudis"
"1311","Badis badis","Ceryle rudis"
"1312","Puntius vittatus","Ceryle rudis"
"1313","Rasbora daniconius","Ceryle rudis"
"1314","Pethia phutunio","Ceryle rudis"
"1315","Trichogaster lalius","Ceryle rudis"
"1316","Trichogaster fasciata","Ceryle rudis"
"1317","Tadploes","Ceryle rudis"
"1318","Minervarya agricola","Ceryle rudis"
"1319","Microhyla mymensinghensis","Ceryle rudis"
"1320","Polypedates maculatus","Ceryle rudis"
"1321","Diplonychus annulatus","Ceryle rudis"
"1322","Diplonychus rusticus","Ceryle rudis"
"1323","Aquarius adelaides","Ceryle rudis"
"1324","Limnogonus fossarum","Ceryle rudis"
"1325","Laccotrephes griseus","Ceryle rudis"
"1326","Laccotrephes ruber","Ceryle rudis"
"1327","Ranatra elongata","Ceryle rudis"
"1328","Ranatra filiformis","Ceryle rudis"
"1329","Ranatra varipes","Ceryle rudis"
"1330","Anisops campbelli","Ceryle rudis"
"1331","Hydrovatus confertus","Ceryle rudis"
"1332","Big fish juveniles","Ceryle rudis"
"1333","Odonata sp.","Merops orientalis"
"1334","Odonata sp.","Merops philippinus"
"1335","Odonata sp.","Coracias benghalensis"
"1336","Duttaphrynus melanostictus","Coracias benghalensis"
"1337","Minervarya agricola","Coracias benghalensis"
"1338","Euphlyctis cyanophlyctis","Coracias benghalensis"
"1339","Hoplobatrachus tigerinus","Coracias benghalensis"
"1340","Microhyla mymensinghensis","Coracias benghalensis"
"1341","Polypedates maculatus","Coracias benghalensis"
"1342","Enhydris enhydris","Coracias benghalensis"
"1343","Fowlea piscator","Coracias benghalensis"
"1344","Odonata sp.","Oriolus kundoo"
"1345","Odonata sp.","Oriolus xanthornus"
"1346","Odonata sp.","Dicrurus caerulescens"
"1347","Diplonychus annulatus","Hirundo rustica"
"1348","Diplonychus rusticus","Hirundo rustica"
"1349","Aquarius adelaides","Hirundo rustica"
"1350","Limnogonus fossarum","Hirundo rustica"
"1351","Laccotrephes griseus","Hirundo rustica"
"1352","Laccotrephes ruber","Hirundo rustica"
"1353","Ranatra elongata","Hirundo rustica"
"1354","Ranatra filiformis","Hirundo rustica"
"1355","Ranatra varipes","Hirundo rustica"
"1356","Anisops campbelli","Hirundo rustica"
"1357","Hydrovatus confertus","Hirundo rustica"
"1358","Duttaphrynus melanostictus","Acridotheres ginginianus"
"1359","Minervarya agricola","Acridotheres ginginianus"
"1360","Euphlyctis cyanophlyctis","Acridotheres ginginianus"
"1361","Hoplobatrachus tigerinus","Acridotheres ginginianus"
"1362","Microhyla mymensinghensis","Acridotheres ginginianus"
"1363","Polypedates maculatus","Acridotheres ginginianus"
"1364","Diplonychus annulatus","Motacilla citreola"
"1365","Diplonychus rusticus","Motacilla citreola"
"1366","Aquarius adelaides","Motacilla citreola"
"1367","Limnogonus fossarum","Motacilla citreola"
"1368","Laccotrephes griseus","Motacilla citreola"
"1369","Laccotrephes ruber","Motacilla citreola"
"1370","Ranatra elongata","Motacilla citreola"
"1371","Ranatra filiformis","Motacilla citreola"
"1372","Ranatra varipes","Motacilla citreola"
"1373","Anisops campbelli","Motacilla citreola"
"1374","Hydrovatus confertus","Motacilla citreola"
"1386","Diplonychus annulatus","Motacilla tschutschensis"
"1387","Diplonychus rusticus","Motacilla tschutschensis"
"1388","Aquarius adelaides","Motacilla tschutschensis"
"1389","Limnogonus fossarum","Motacilla tschutschensis"
"1390","Laccotrephes griseus","Motacilla tschutschensis"
"1391","Laccotrephes ruber","Motacilla tschutschensis"
"1392","Ranatra elongata","Motacilla tschutschensis"
"1393","Ranatra filiformis","Motacilla tschutschensis"
"1394","Ranatra varipes","Motacilla tschutschensis"
"1395","Anisops campbelli","Motacilla tschutschensis"
"1396","Hydrovatus confertus","Motacilla tschutschensis"
"1397","Diplonychus annulatus","Motacilla alba"
"1398","Diplonychus rusticus","Motacilla alba"
"1399","Aquarius adelaides","Motacilla alba"
"1400","Limnogonus fossarum","Motacilla alba"
"1401","Laccotrephes griseus","Motacilla alba"
"1402","Laccotrephes ruber","Motacilla alba"
"1403","Ranatra elongata","Motacilla alba"
"1404","Ranatra filiformis","Motacilla alba"
"1405","Ranatra varipes","Motacilla alba"
"1406","Anisops campbelli","Motacilla alba"
"1407","Hydrovatus confertus","Motacilla alba"
"1408","Odonata sp.","Motacilla alba"
"1409","Diplonychus annulatus","Duttaphrynus melanostictus"
"1410","Diplonychus rusticus","Duttaphrynus melanostictus"
"1411","Aquarius adelaides","Duttaphrynus melanostictus"
"1412","Limnogonus fossarum","Duttaphrynus melanostictus"
"1413","Laccotrephes griseus","Duttaphrynus melanostictus"
"1414","Laccotrephes ruber","Duttaphrynus melanostictus"
"1415","Ranatra elongata","Duttaphrynus melanostictus"
"1416","Ranatra filiformis","Duttaphrynus melanostictus"
"1417","Ranatra varipes","Duttaphrynus melanostictus"
"1418","Anisops campbelli","Duttaphrynus melanostictus"
"1419","Hydrovatus confertus","Duttaphrynus melanostictus"
"1420","Pila globosa","Duttaphrynus melanostictus"
"1421","Filopaludina bengalensis","Duttaphrynus melanostictus"
"1422","Melanoides tuberculata","Duttaphrynus melanostictus"
"1423","Tarebia lineata","Duttaphrynus melanostictus"
"1424","Bithynia pulchella","Duttaphrynus melanostictus"
"1425","Gabbia orcula","Duttaphrynus melanostictus"
"1426","Radix rufescens","Duttaphrynus melanostictus"
"1427","Racesina luteola","Duttaphrynus melanostictus"
"1428","Gyraulus barrackporensis","Duttaphrynus melanostictus"
"1429","Gyraulus convexiusculus","Duttaphrynus melanostictus"
"1430","Gyraulus euphraticus","Duttaphrynus melanostictus"
"1431","Indoplanorbis exustus","Duttaphrynus melanostictus"
"1432","Diplonychus annulatus","Minervarya agricola"
"1433","Diplonychus rusticus","Minervarya agricola"
"1434","Aquarius adelaides","Minervarya agricola"
"1435","Limnogonus fossarum","Minervarya agricola"
"1436","Laccotrephes griseus","Minervarya agricola"
"1437","Laccotrephes ruber","Minervarya agricola"
"1438","Ranatra elongata","Minervarya agricola"
"1439","Ranatra filiformis","Minervarya agricola"
"1440","Ranatra varipes","Minervarya agricola"
"1441","Anisops campbelli","Minervarya agricola"
"1442","Hydrovatus confertus","Minervarya agricola"
"1443","Pila globosa","Minervarya agricola"
"1444","Filopaludina bengalensis","Minervarya agricola"
"1445","Melanoides tuberculata","Minervarya agricola"
"1446","Tarebia lineata","Minervarya agricola"
"1447","Bithynia pulchella","Minervarya agricola"
"1448","Gabbia orcula","Minervarya agricola"
"1449","Radix rufescens","Minervarya agricola"
"1450","Racesina luteola","Minervarya agricola"
"1451","Gyraulus barrackporensis","Minervarya agricola"
"1452","Gyraulus convexiusculus","Minervarya agricola"
"1453","Gyraulus euphraticus","Minervarya agricola"
"1454","Indoplanorbis exustus","Minervarya agricola"
"1455","Diplonychus annulatus","Euphlyctis cyanophlyctis"
"1456","Diplonychus rusticus","Euphlyctis cyanophlyctis"
"1457","Aquarius adelaides","Euphlyctis cyanophlyctis"
"1458","Limnogonus fossarum","Euphlyctis cyanophlyctis"
"1459","Laccotrephes griseus","Euphlyctis cyanophlyctis"
"1460","Laccotrephes ruber","Euphlyctis cyanophlyctis"
"1461","Ranatra elongata","Euphlyctis cyanophlyctis"
"1462","Ranatra filiformis","Euphlyctis cyanophlyctis"
"1463","Ranatra varipes","Euphlyctis cyanophlyctis"
"1464","Anisops campbelli","Euphlyctis cyanophlyctis"
"1465","Hydrovatus confertus","Euphlyctis cyanophlyctis"
"1466","Diplonychus annulatus","Hoplobatrachus tigerinus"
"1467","Diplonychus rusticus","Hoplobatrachus tigerinus"
"1468","Aquarius adelaides","Hoplobatrachus tigerinus"
"1469","Limnogonus fossarum","Hoplobatrachus tigerinus"
"1470","Laccotrephes griseus","Hoplobatrachus tigerinus"
"1471","Laccotrephes ruber","Hoplobatrachus tigerinus"
"1472","Ranatra elongata","Hoplobatrachus tigerinus"
"1473","Ranatra filiformis","Hoplobatrachus tigerinus"
"1474","Ranatra varipes","Hoplobatrachus tigerinus"
"1475","Anisops campbelli","Hoplobatrachus tigerinus"
"1476","Hydrovatus confertus","Hoplobatrachus tigerinus"
"1477","Duttaphrynus melanostictus","Hoplobatrachus tigerinus"
"1478","Minervarya agricola","Hoplobatrachus tigerinus"
"1479","Euphlyctis cyanophlyctis","Hoplobatrachus tigerinus"
"1480","Microhyla mymensinghensis","Hoplobatrachus tigerinus"
"1481","Polypedates maculatus","Hoplobatrachus tigerinus"
"1482","Enhydris enhydris","Hoplobatrachus tigerinus"
"1483","Fowlea piscator","Hoplobatrachus tigerinus"
"1484","Diplonychus annulatus","Microhyla mymensinghensis"
"1485","Diplonychus rusticus","Microhyla mymensinghensis"
"1486","Aquarius adelaides","Microhyla mymensinghensis"
"1487","Limnogonus fossarum","Microhyla mymensinghensis"
"1488","Laccotrephes griseus","Microhyla mymensinghensis"
"1489","Laccotrephes ruber","Microhyla mymensinghensis"
"1490","Ranatra elongata","Microhyla mymensinghensis"
"1491","Ranatra filiformis","Microhyla mymensinghensis"
"1492","Ranatra varipes","Microhyla mymensinghensis"
"1493","Anisops campbelli","Microhyla mymensinghensis"
"1494","Hydrovatus confertus","Microhyla mymensinghensis"
"1495","Diplonychus annulatus","Polypedates maculatus"
"1496","Diplonychus rusticus","Polypedates maculatus"
"1497","Aquarius adelaides","Polypedates maculatus"
"1498","Limnogonus fossarum","Polypedates maculatus"
"1499","Laccotrephes griseus","Polypedates maculatus"
"1500","Laccotrephes ruber","Polypedates maculatus"
"1501","Ranatra elongata","Polypedates maculatus"
"1502","Ranatra filiformis","Polypedates maculatus"
"1503","Ranatra varipes","Polypedates maculatus"
"1504","Anisops campbelli","Polypedates maculatus"
"1505","Hydrovatus confertus","Polypedates maculatus"
"1506","Duttaphrynus melanostictus","Varanus bengalensis"
"1507","Minervarya agricola","Varanus bengalensis"
"1508","Euphlyctis cyanophlyctis","Varanus bengalensis"
"1509","Hoplobatrachus tigerinus","Varanus bengalensis"
"1510","Microhyla mymensinghensis","Varanus bengalensis"
"1511","Polypedates maculatus","Varanus bengalensis"
"1512","Fowlea piscator","Varanus bengalensis"
"1513","Parambassis baculis","Enhydris enhydris"
"1514","Aplocheilus panchax","Enhydris enhydris"
"1515","Badis badis","Enhydris enhydris"
"1516","Puntius vittatus","Enhydris enhydris"
"1517","Rasbora daniconius","Enhydris enhydris"
"1518","Pethia phutunio","Enhydris enhydris"
"1519","Trichogaster lalius","Enhydris enhydris"
"1520","Trichogaster fasciata","Enhydris enhydris"
"1521","Minervarya agricola","Enhydris enhydris"
"1522","Microhyla mymensinghensis","Enhydris enhydris"
"1523","Polypedates maculatus","Enhydris enhydris"
"1524","Big fish juveniles","Enhydris enhydris"
"1525","Parambassis baculis","Fowlea piscator"
"1526","Aplocheilus panchax","Fowlea piscator"
"1527","Badis badis","Fowlea piscator"
"1528","Puntius vittatus","Fowlea piscator"
"1529","Rasbora daniconius","Fowlea piscator"
"1530","Pethia phutunio","Fowlea piscator"
"1531","Trichogaster lalius","Fowlea piscator"
"1532","Trichogaster fasciata","Fowlea piscator"
"1533","Minervarya agricola","Fowlea piscator"
"1534","Euphlyctis cyanophlyctis","Fowlea piscator"
"1535","Hoplobatrachus tigerinus","Fowlea piscator"
"1536","Big fish juveniles","Fowlea piscator"
"1537","Duttaphrynus melanostictus","Naja naja"
"1538","Minervarya agricola","Naja naja"
"1539","Euphlyctis cyanophlyctis","Naja naja"
"1540","Hoplobatrachus tigerinus","Naja naja"
"1541","Microhyla mymensinghensis","Naja naja"
"1542","Duttaphrynus melanostictus","Lissemys punctata"
"1543","Minervarya agricola","Lissemys punctata"
"1544","Euphlyctis cyanophlyctis","Lissemys punctata"
"1545","Hoplobatrachus tigerinus","Lissemys punctata"
"1546","Microhyla mymensinghensis","Lissemys punctata"
"1547","Polypedates maculatus","Lissemys punctata"
"1548","Parambassis baculis","Lissemys punctata"
"1549","Aplocheilus panchax","Lissemys punctata"
"1550","Badis badis","Lissemys punctata"
"1551","Puntius vittatus","Lissemys punctata"
"1552","Rasbora daniconius","Lissemys punctata"
"1553","Pethia phutunio","Lissemys punctata"
"1554","Trichogaster lalius","Lissemys punctata"
"1555","Trichogaster fasciata","Lissemys punctata"
"1556","Macrobrachium malcolmsonii","Lissemys punctata"
"1557","Macrobrachium rosenbergii","Lissemys punctata"
"1558","Macrobrachium rude","Lissemys punctata"
"1559","Macrobrachium equidens","Lissemys punctata"
"1560","Pila globosa","Lissemys punctata"
"1561","Filopaludina bengalensis","Lissemys punctata"
"1562","Melanoides tuberculata","Lissemys punctata"
"1563","Tarebia lineata","Lissemys punctata"
"1564","Bithynia pulchella","Lissemys punctata"
"1565","Gabbia orcula","Lissemys punctata"
"1566","Radix rufescens","Lissemys punctata"
"1567","Racesina luteola","Lissemys punctata"
"1568","Gyraulus barrackporensis","Lissemys punctata"
"1569","Gyraulus convexiusculus","Lissemys punctata"
"1570","Gyraulus euphraticus","Lissemys punctata"
"1571","Indoplanorbis exustus","Lissemys punctata"
"1572","Diplonychus annulatus","Lissemys punctata"
"1573","Diplonychus rusticus","Lissemys punctata"
"1574","Aquarius adelaides","Lissemys punctata"
"1575","Limnogonus fossarum","Lissemys punctata"
"1576","Laccotrephes griseus","Lissemys punctata"
"1577","Laccotrephes ruber","Lissemys punctata"
"1578","Ranatra elongata","Lissemys punctata"
"1579","Ranatra filiformis","Lissemys punctata"
"1580","Ranatra varipes","Lissemys punctata"
"1581","Anisops campbelli","Lissemys punctata"
"1582","Hydrovatus confertus","Lissemys punctata"
"1583","Detritus","Lissemys punctata"
"1584","Herbaceous aquatic plants","Lissemys punctata"
"1585","Big fish juveniles","Lissemys punctata"
"1586","Mosquito larvae","Parambassis baculis"
"1587","Diplonychus annulatus","Parambassis baculis"
"1588","Diplonychus rusticus","Parambassis baculis"
"1589","Aquarius adelaides","Parambassis baculis"
"1590","Limnogonus fossarum","Parambassis baculis"
"1591","Laccotrephes griseus","Parambassis baculis"
"1592","Laccotrephes ruber","Parambassis baculis"
"1593","Ranatra elongata","Parambassis baculis"
"1594","Ranatra filiformis","Parambassis baculis"
"1595","Ranatra varipes","Parambassis baculis"
"1596","Anisops campbelli","Parambassis baculis"
"1597","Hydrovatus confertus","Parambassis baculis"
"1598","Diplonychus annulatus","Aplocheilus panchax"
"1599","Diplonychus rusticus","Aplocheilus panchax"
"1600","Aquarius adelaides","Aplocheilus panchax"
"1601","Limnogonus fossarum","Aplocheilus panchax"
"1602","Laccotrephes griseus","Aplocheilus panchax"
"1603","Laccotrephes ruber","Aplocheilus panchax"
"1604","Ranatra elongata","Aplocheilus panchax"
"1605","Ranatra filiformis","Aplocheilus panchax"
"1606","Ranatra varipes","Aplocheilus panchax"
"1607","Anisops campbelli","Aplocheilus panchax"
"1608","Hydrovatus confertus","Aplocheilus panchax"
"1609","Macrobrachium malcolmsonii","Netuma thalassina"
"1610","Macrobrachium rosenbergii","Netuma thalassina"
"1611","Macrobrachium rude","Netuma thalassina"
"1612","Macrobrachium equidens","Netuma thalassina"
"1613","Parambassis baculis","Netuma thalassina"
"1614","Aplocheilus panchax","Netuma thalassina"
"1615","Badis badis","Netuma thalassina"
"1616","Mystus tengara","Netuma thalassina"
"1617","Mystus vittatus","Netuma thalassina"
"1618","Xenentodon cancila","Netuma thalassina"
"1619","Channa punctata","Netuma thalassina"
"1620","Channa striata","Netuma thalassina"
"1621","Channa gachua","Netuma thalassina"
"1622","Oreochromis niloticus","Netuma thalassina"
"1623","Puntius vittatus","Netuma thalassina"
"1624","Rasbora daniconius","Netuma thalassina"
"1625","Pethia phutunio","Netuma thalassina"
"1626","Glossogobius giuris","Netuma thalassina"
"1627","Heteropneustes fossilis","Netuma thalassina"
"1628","Macrognathus pancalus","Netuma thalassina"
"1629","Mastacembelus armatus","Netuma thalassina"
"1630","Notopterus notopterus","Netuma thalassina"
"1631","Trichogaster lalius","Netuma thalassina"
"1632","Trichogaster fasciata","Netuma thalassina"
"1633","Pila globosa","Netuma thalassina"
"1634","Filopaludina bengalensis","Netuma thalassina"
"1635","Melanoides tuberculata","Netuma thalassina"
"1636","Tarebia lineata","Netuma thalassina"
"1637","Bithynia pulchella","Netuma thalassina"
"1638","Gabbia orcula","Netuma thalassina"
"1639","Radix rufescens","Netuma thalassina"
"1640","Racesina luteola","Netuma thalassina"
"1641","Gyraulus barrackporensis","Netuma thalassina"
"1642","Gyraulus convexiusculus","Netuma thalassina"
"1643","Gyraulus euphraticus","Netuma thalassina"
"1644","Indoplanorbis exustus","Netuma thalassina"
"1645","Big fish juveniles","Netuma thalassina"
"1646","Macrobrachium malcolmsonii","Badis badis"
"1647","Macrobrachium rosenbergii","Badis badis"
"1648","Macrobrachium rude","Badis badis"
"1649","Macrobrachium equidens","Badis badis"
"1650","Diplonychus annulatus","Badis badis"
"1651","Diplonychus rusticus","Badis badis"
"1652","Aquarius adelaides","Badis badis"
"1653","Limnogonus fossarum","Badis badis"
"1654","Laccotrephes griseus","Badis badis"
"1655","Laccotrephes ruber","Badis badis"
"1656","Ranatra elongata","Badis badis"
"1657","Ranatra filiformis","Badis badis"
"1658","Ranatra varipes","Badis badis"
"1659","Anisops campbelli","Badis badis"
"1660","Hydrovatus confertus","Badis badis"
"1661","Arcella discoides","Badis badis"
"1662","Centropyxis aculeata","Badis badis"
"1663","Brachionus calyciflorus","Badis badis"
"1664","Brachionus forficula","Badis badis"
"1665","Keratella lenzi","Badis badis"
"1666","Lecane aculeata","Badis badis"
"1667","Lecane bulla","Badis badis"
"1668","Asplanchna brightwelli","Badis badis"
"1669","Mesocyclops leukarti","Badis badis"
"1670","Scapholeberis kingi","Badis badis"
"1671","Macrothrix spinosa","Badis badis"
"1672","Macrothrix goeldi","Badis badis"
"1673","Alona pulchella","Badis badis"
"1674","Coronatella rectangula","Badis badis"
"1675","Arcella discoides","Mystus tengara"
"1676","Centropyxis aculeata","Mystus tengara"
"1677","Brachionus calyciflorus","Mystus tengara"
"1678","Brachionus forficula","Mystus tengara"
"1679","Keratella lenzi","Mystus tengara"
"1680","Lecane aculeata","Mystus tengara"
"1681","Lecane bulla","Mystus tengara"
"1682","Asplanchna brightwelli","Mystus tengara"
"1683","Mesocyclops leukarti","Mystus tengara"
"1684","Scapholeberis kingi","Mystus tengara"
"1685","Macrothrix spinosa","Mystus tengara"
"1686","Macrothrix goeldi","Mystus tengara"
"1687","Alona pulchella","Mystus tengara"
"1688","Coronatella rectangula","Mystus tengara"
"1689","Arcella discoides","Mystus vittatus"
"1690","Centropyxis aculeata","Mystus vittatus"
"1691","Brachionus calyciflorus","Mystus vittatus"
"1692","Brachionus forficula","Mystus vittatus"
"1693","Keratella lenzi","Mystus vittatus"
"1694","Lecane aculeata","Mystus vittatus"
"1695","Lecane bulla","Mystus vittatus"
"1696","Asplanchna brightwelli","Mystus vittatus"
"1697","Mesocyclops leukarti","Mystus vittatus"
"1698","Scapholeberis kingi","Mystus vittatus"
"1699","Macrothrix spinosa","Mystus vittatus"
"1700","Macrothrix goeldi","Mystus vittatus"
"1701","Alona pulchella","Mystus vittatus"
"1702","Coronatella rectangula","Mystus vittatus"
"1703","Green Algae","Mystus vittatus"
"1704","Macrobrachium malcolmsonii","Xenentodon cancila"
"1705","Macrobrachium rosenbergii","Xenentodon cancila"
"1706","Macrobrachium rude","Xenentodon cancila"
"1707","Macrobrachium equidens","Xenentodon cancila"
"1708","Diplonychus annulatus","Xenentodon cancila"
"1709","Diplonychus rusticus","Xenentodon cancila"
"1710","Aquarius adelaides","Xenentodon cancila"
"1711","Limnogonus fossarum","Xenentodon cancila"
"1712","Laccotrephes griseus","Xenentodon cancila"
"1713","Laccotrephes ruber","Xenentodon cancila"
"1714","Ranatra elongata","Xenentodon cancila"
"1715","Ranatra filiformis","Xenentodon cancila"
"1716","Ranatra varipes","Xenentodon cancila"
"1717","Anisops campbelli","Xenentodon cancila"
"1718","Hydrovatus confertus","Xenentodon cancila"
"1719","Macrobrachium malcolmsonii","Channa punctata"
"1720","Macrobrachium rosenbergii","Channa punctata"
"1721","Macrobrachium rude","Channa punctata"
"1722","Macrobrachium equidens","Channa punctata"
"1723","Diplonychus annulatus","Channa punctata"
"1724","Diplonychus rusticus","Channa punctata"
"1725","Aquarius adelaides","Channa punctata"
"1726","Limnogonus fossarum","Channa punctata"
"1727","Laccotrephes griseus","Channa punctata"
"1728","Laccotrephes ruber","Channa punctata"
"1729","Ranatra elongata","Channa punctata"
"1730","Ranatra filiformis","Channa punctata"
"1731","Ranatra varipes","Channa punctata"
"1732","Anisops campbelli","Channa punctata"
"1733","Hydrovatus confertus","Channa punctata"
"1734","Pila globosa","Channa punctata"
"1735","Filopaludina bengalensis","Channa punctata"
"1736","Melanoides tuberculata","Channa punctata"
"1737","Tarebia lineata","Channa punctata"
"1738","Bithynia pulchella","Channa punctata"
"1739","Gabbia orcula","Channa punctata"
"1740","Radix rufescens","Channa punctata"
"1741","Racesina luteola","Channa punctata"
"1742","Gyraulus barrackporensis","Channa punctata"
"1743","Gyraulus convexiusculus","Channa punctata"
"1744","Gyraulus euphraticus","Channa punctata"
"1745","Indoplanorbis exustus","Channa punctata"
"1746","Green Algae","Channa punctata"
"1747","Detritus","Channa punctata"
"1748","Herbaceous aquatic plants","Channa punctata"
"1749","Parambassis baculis","Channa punctata"
"1750","Aplocheilus panchax","Channa punctata"
"1751","Netuma thalassina","Channa punctata"
"1752","Badis badis","Channa punctata"
"1753","Mystus tengara","Channa punctata"
"1754","Mystus vittatus","Channa punctata"
"1755","Xenentodon cancila","Channa punctata"
"1756","Channa striata","Channa punctata"
"1757","Channa gachua","Channa punctata"
"1758","Oreochromis niloticus","Channa punctata"
"1759","Puntius vittatus","Channa punctata"
"1760","Rasbora daniconius","Channa punctata"
"1761","Pethia phutunio","Channa punctata"
"1762","Glossogobius giuris","Channa punctata"
"1763","Heteropneustes fossilis","Channa punctata"
"1764","Macrognathus pancalus","Channa punctata"
"1765","Mastacembelus armatus","Channa punctata"
"1766","Notopterus notopterus","Channa punctata"
"1767","Trichogaster lalius","Channa punctata"
"1768","Trichogaster fasciata","Channa punctata"
"1769","Big fish juveniles","Channa punctata"
"1770","Parambassis baculis","Channa striata"
"1771","Aplocheilus panchax","Channa striata"
"1772","Netuma thalassina","Channa striata"
"1773","Badis badis","Channa striata"
"1774","Mystus tengara","Channa striata"
"1775","Mystus vittatus","Channa striata"
"1776","Xenentodon cancila","Channa striata"
"1777","Channa gachua","Channa striata"
"1778","Oreochromis niloticus","Channa striata"
"1779","Puntius vittatus","Channa striata"
"1780","Rasbora daniconius","Channa striata"
"1781","Pethia phutunio","Channa striata"
"1782","Glossogobius giuris","Channa striata"
"1783","Heteropneustes fossilis","Channa striata"
"1784","Macrognathus pancalus","Channa striata"
"1785","Mastacembelus armatus","Channa striata"
"1786","Notopterus notopterus","Channa striata"
"1787","Trichogaster lalius","Channa striata"
"1788","Trichogaster fasciata","Channa striata"
"1789","Macrobrachium malcolmsonii","Channa striata"
"1790","Macrobrachium rosenbergii","Channa striata"
"1791","Macrobrachium rude","Channa striata"
"1792","Macrobrachium equidens","Channa striata"
"1793","Diplonychus annulatus","Channa striata"
"1794","Diplonychus rusticus","Channa striata"
"1795","Aquarius adelaides","Channa striata"
"1796","Limnogonus fossarum","Channa striata"
"1797","Laccotrephes griseus","Channa striata"
"1798","Laccotrephes ruber","Channa striata"
"1799","Ranatra elongata","Channa striata"
"1800","Ranatra filiformis","Channa striata"
"1801","Ranatra varipes","Channa striata"
"1802","Anisops campbelli","Channa striata"
"1803","Hydrovatus confertus","Channa striata"
"1804","Pila globosa","Channa striata"
"1805","Filopaludina bengalensis","Channa striata"
"1806","Melanoides tuberculata","Channa striata"
"1807","Tarebia lineata","Channa striata"
"1808","Bithynia pulchella","Channa striata"
"1809","Gabbia orcula","Channa striata"
"1810","Radix rufescens","Channa striata"
"1811","Racesina luteola","Channa striata"
"1812","Gyraulus barrackporensis","Channa striata"
"1813","Gyraulus convexiusculus","Channa striata"
"1814","Gyraulus euphraticus","Channa striata"
"1815","Indoplanorbis exustus","Channa striata"
"1816","Green Algae","Channa striata"
"1817","Detritus","Channa striata"
"1818","Herbaceous aquatic plants","Channa striata"
"1819","Big fish juveniles","Channa striata"
"1820","Duttaphrynus melanostictus","Channa gachua"
"1821","Minervarya agricola","Channa gachua"
"1822","Euphlyctis cyanophlyctis","Channa gachua"
"1823","Hoplobatrachus tigerinus","Channa gachua"
"1824","Microhyla mymensinghensis","Channa gachua"
"1825","Polypedates maculatus","Channa gachua"
"1826","Parambassis baculis","Channa gachua"
"1827","Aplocheilus panchax","Channa gachua"
"1828","Badis badis","Channa gachua"
"1829","Puntius vittatus","Channa gachua"
"1830","Rasbora daniconius","Channa gachua"
"1831","Pethia phutunio","Channa gachua"
"1832","Trichogaster lalius","Channa gachua"
"1833","Trichogaster fasciata","Channa gachua"
"1834","Macrobrachium malcolmsonii","Channa gachua"
"1835","Macrobrachium rosenbergii","Channa gachua"
"1836","Macrobrachium rude","Channa gachua"
"1837","Macrobrachium equidens","Channa gachua"
"1838","Diplonychus annulatus","Channa gachua"
"1839","Diplonychus rusticus","Channa gachua"
"1840","Aquarius adelaides","Channa gachua"
"1841","Limnogonus fossarum","Channa gachua"
"1842","Laccotrephes griseus","Channa gachua"
"1843","Laccotrephes ruber","Channa gachua"
"1844","Ranatra elongata","Channa gachua"
"1845","Ranatra filiformis","Channa gachua"
"1846","Ranatra varipes","Channa gachua"
"1847","Anisops campbelli","Channa gachua"
"1848","Hydrovatus confertus","Channa gachua"
"1849","Pila globosa","Channa gachua"
"1850","Filopaludina bengalensis","Channa gachua"
"1851","Melanoides tuberculata","Channa gachua"
"1852","Tarebia lineata","Channa gachua"
"1853","Bithynia pulchella","Channa gachua"
"1854","Gabbia orcula","Channa gachua"
"1855","Radix rufescens","Channa gachua"
"1856","Racesina luteola","Channa gachua"
"1857","Gyraulus barrackporensis","Channa gachua"
"1858","Gyraulus convexiusculus","Channa gachua"
"1859","Gyraulus euphraticus","Channa gachua"
"1860","Indoplanorbis exustus","Channa gachua"
"1861","Green Algae","Channa gachua"
"1862","Detritus","Channa gachua"
"1863","Herbaceous aquatic plants","Channa gachua"
"1864","Big fish juveniles","Channa gachua"
"1865","Arcella discoides","Oreochromis niloticus"
"1866","Centropyxis aculeata","Oreochromis niloticus"
"1867","Brachionus calyciflorus","Oreochromis niloticus"
"1868","Brachionus forficula","Oreochromis niloticus"
"1869","Keratella lenzi","Oreochromis niloticus"
"1870","Lecane aculeata","Oreochromis niloticus"
"1871","Lecane bulla","Oreochromis niloticus"
"1872","Asplanchna brightwelli","Oreochromis niloticus"
"1873","Mesocyclops leukarti","Oreochromis niloticus"
"1874","Scapholeberis kingi","Oreochromis niloticus"
"1875","Macrothrix spinosa","Oreochromis niloticus"
"1876","Macrothrix goeldi","Oreochromis niloticus"
"1877","Alona pulchella","Oreochromis niloticus"
"1878","Coronatella rectangula","Oreochromis niloticus"
"1879","Diplonychus annulatus","Oreochromis niloticus"
"1880","Diplonychus rusticus","Oreochromis niloticus"
"1881","Aquarius adelaides","Oreochromis niloticus"
"1882","Limnogonus fossarum","Oreochromis niloticus"
"1883","Laccotrephes griseus","Oreochromis niloticus"
"1884","Laccotrephes ruber","Oreochromis niloticus"
"1885","Ranatra elongata","Oreochromis niloticus"
"1886","Ranatra filiformis","Oreochromis niloticus"
"1887","Ranatra varipes","Oreochromis niloticus"
"1888","Anisops campbelli","Oreochromis niloticus"
"1889","Hydrovatus confertus","Oreochromis niloticus"
"1890","Green Algae","Oreochromis niloticus"
"1891","Detritus","Oreochromis niloticus"
"1892","Herbaceous aquatic plants","Oreochromis niloticus"
"1893","Diplonychus annulatus","Puntius vittatus"
"1894","Diplonychus rusticus","Puntius vittatus"
"1895","Aquarius adelaides","Puntius vittatus"
"1896","Limnogonus fossarum","Puntius vittatus"
"1897","Laccotrephes griseus","Puntius vittatus"
"1898","Laccotrephes ruber","Puntius vittatus"
"1899","Ranatra elongata","Puntius vittatus"
"1900","Ranatra filiformis","Puntius vittatus"
"1901","Ranatra varipes","Puntius vittatus"
"1902","Anisops campbelli","Puntius vittatus"
"1903","Hydrovatus confertus","Puntius vittatus"
"1904","Macrobrachium malcolmsonii","Puntius vittatus"
"1905","Macrobrachium rosenbergii","Puntius vittatus"
"1906","Macrobrachium rude","Puntius vittatus"
"1907","Macrobrachium equidens","Puntius vittatus"
"1908","Diplonychus annulatus","Rasbora daniconius"
"1909","Diplonychus rusticus","Rasbora daniconius"
"1910","Aquarius adelaides","Rasbora daniconius"
"1911","Limnogonus fossarum","Rasbora daniconius"
"1912","Laccotrephes griseus","Rasbora daniconius"
"1913","Laccotrephes ruber","Rasbora daniconius"
"1914","Ranatra elongata","Rasbora daniconius"
"1915","Ranatra filiformis","Rasbora daniconius"
"1916","Ranatra varipes","Rasbora daniconius"
"1917","Anisops campbelli","Rasbora daniconius"
"1918","Hydrovatus confertus","Rasbora daniconius"
"1919","Mosquito larvae","Rasbora daniconius"
"1920","Green Algae","Rasbora daniconius"
"1921","Mesocyclops leukarti","Rasbora daniconius"
"1922","Scapholeberis kingi","Rasbora daniconius"
"1923","Odonata sp.","Rasbora daniconius"
"1924","Detritus","Rasbora daniconius"
"1925","Herbaceous aquatic plants","Rasbora daniconius"
"1926","Diplonychus annulatus","Pethia phutunio"
"1927","Diplonychus rusticus","Pethia phutunio"
"1928","Aquarius adelaides","Pethia phutunio"
"1929","Limnogonus fossarum","Pethia phutunio"
"1930","Laccotrephes griseus","Pethia phutunio"
"1931","Laccotrephes ruber","Pethia phutunio"
"1932","Ranatra elongata","Pethia phutunio"
"1933","Ranatra filiformis","Pethia phutunio"
"1934","Ranatra varipes","Pethia phutunio"
"1935","Anisops campbelli","Pethia phutunio"
"1936","Hydrovatus confertus","Pethia phutunio"
"1937","Macrobrachium malcolmsonii","Pethia phutunio"
"1938","Macrobrachium rosenbergii","Pethia phutunio"
"1939","Macrobrachium rude","Pethia phutunio"
"1940","Macrobrachium equidens","Pethia phutunio"
"1941","Arcella discoides","Pethia phutunio"
"1942","Centropyxis aculeata","Pethia phutunio"
"1943","Brachionus calyciflorus","Pethia phutunio"
"1944","Brachionus forficula","Pethia phutunio"
"1945","Keratella lenzi","Pethia phutunio"
"1946","Lecane aculeata","Pethia phutunio"
"1947","Lecane bulla","Pethia phutunio"
"1948","Asplanchna brightwelli","Pethia phutunio"
"1949","Mesocyclops leukarti","Pethia phutunio"
"1950","Scapholeberis kingi","Pethia phutunio"
"1951","Macrothrix spinosa","Pethia phutunio"
"1952","Macrothrix goeldi","Pethia phutunio"
"1953","Alona pulchella","Pethia phutunio"
"1954","Coronatella rectangula","Pethia phutunio"
"1955","Parambassis baculis","Glossogobius giuris"
"1956","Aplocheilus panchax","Glossogobius giuris"
"1957","Badis badis","Glossogobius giuris"
"1958","Puntius vittatus","Glossogobius giuris"
"1959","Rasbora daniconius","Glossogobius giuris"
"1960","Pethia phutunio","Glossogobius giuris"
"1961","Trichogaster lalius","Glossogobius giuris"
"1962","Trichogaster fasciata","Glossogobius giuris"
"1963","Diplonychus annulatus","Glossogobius giuris"
"1964","Diplonychus rusticus","Glossogobius giuris"
"1965","Aquarius adelaides","Glossogobius giuris"
"1966","Limnogonus fossarum","Glossogobius giuris"
"1967","Laccotrephes griseus","Glossogobius giuris"
"1968","Laccotrephes ruber","Glossogobius giuris"
"1969","Ranatra elongata","Glossogobius giuris"
"1970","Ranatra filiformis","Glossogobius giuris"
"1971","Ranatra varipes","Glossogobius giuris"
"1972","Anisops campbelli","Glossogobius giuris"
"1973","Hydrovatus confertus","Glossogobius giuris"
"1974","Pila globosa","Glossogobius giuris"
"1975","Filopaludina bengalensis","Glossogobius giuris"
"1976","Melanoides tuberculata","Glossogobius giuris"
"1977","Tarebia lineata","Glossogobius giuris"
"1978","Bithynia pulchella","Glossogobius giuris"
"1979","Gabbia orcula","Glossogobius giuris"
"1980","Radix rufescens","Glossogobius giuris"
"1981","Racesina luteola","Glossogobius giuris"
"1982","Gyraulus barrackporensis","Glossogobius giuris"
"1983","Gyraulus convexiusculus","Glossogobius giuris"
"1984","Gyraulus euphraticus","Glossogobius giuris"
"1985","Indoplanorbis exustus","Glossogobius giuris"
"1986","Macrobrachium malcolmsonii","Glossogobius giuris"
"1987","Macrobrachium rosenbergii","Glossogobius giuris"
"1988","Macrobrachium rude","Glossogobius giuris"
"1989","Macrobrachium equidens","Glossogobius giuris"
"1990","Herbaceous aquatic plants","Glossogobius giuris"
"1992","Green Algae","Glossogobius giuris"
"1993","Big fish juveniles","Glossogobius giuris"
"1994","Arcella discoides","Heteropneustes fossilis"
"1995","Centropyxis aculeata","Heteropneustes fossilis"
"1996","Brachionus calyciflorus","Heteropneustes fossilis"
"1997","Brachionus forficula","Heteropneustes fossilis"
"1998","Keratella lenzi","Heteropneustes fossilis"
"1999","Lecane aculeata","Heteropneustes fossilis"
"2000","Lecane bulla","Heteropneustes fossilis"
"2001","Asplanchna brightwelli","Heteropneustes fossilis"
"2002","Mesocyclops leukarti","Heteropneustes fossilis"
"2003","Scapholeberis kingi","Heteropneustes fossilis"
"2004","Macrothrix spinosa","Heteropneustes fossilis"
"2005","Macrothrix goeldi","Heteropneustes fossilis"
"2006","Alona pulchella","Heteropneustes fossilis"
"2007","Coronatella rectangula","Heteropneustes fossilis"
"2008","Macrobrachium malcolmsonii","Heteropneustes fossilis"
"2009","Macrobrachium rosenbergii","Heteropneustes fossilis"
"2010","Macrobrachium rude","Heteropneustes fossilis"
"2011","Macrobrachium equidens","Heteropneustes fossilis"
"2012","Detritus","Heteropneustes fossilis"
"2013","Herbaceous aquatic plants","Heteropneustes fossilis"
"2014","Arcella discoides","Macrognathus pancalus"
"2015","Centropyxis aculeata","Macrognathus pancalus"
"2016","Brachionus calyciflorus","Macrognathus pancalus"
"2017","Brachionus forficula","Macrognathus pancalus"
"2018","Keratella lenzi","Macrognathus pancalus"
"2019","Lecane aculeata","Macrognathus pancalus"
"2020","Lecane bulla","Macrognathus pancalus"
"2021","Asplanchna brightwelli","Macrognathus pancalus"
"2022","Mesocyclops leukarti","Macrognathus pancalus"
"2023","Scapholeberis kingi","Macrognathus pancalus"
"2024","Macrothrix spinosa","Macrognathus pancalus"
"2025","Macrothrix goeldi","Macrognathus pancalus"
"2026","Alona pulchella","Macrognathus pancalus"
"2027","Coronatella rectangula","Macrognathus pancalus"
"2028","Pila globosa","Macrognathus pancalus"
"2029","Filopaludina bengalensis","Macrognathus pancalus"
"2030","Melanoides tuberculata","Macrognathus pancalus"
"2031","Tarebia lineata","Macrognathus pancalus"
"2032","Bithynia pulchella","Macrognathus pancalus"
"2033","Gabbia orcula","Macrognathus pancalus"
"2034","Radix rufescens","Macrognathus pancalus"
"2035","Racesina luteola","Macrognathus pancalus"
"2036","Gyraulus barrackporensis","Macrognathus pancalus"
"2037","Gyraulus convexiusculus","Macrognathus pancalus"
"2038","Gyraulus euphraticus","Macrognathus pancalus"
"2039","Indoplanorbis exustus","Macrognathus pancalus"
"2040","Diplonychus annulatus","Macrognathus pancalus"
"2041","Diplonychus rusticus","Macrognathus pancalus"
"2042","Aquarius adelaides","Macrognathus pancalus"
"2043","Limnogonus fossarum","Macrognathus pancalus"
"2044","Laccotrephes griseus","Macrognathus pancalus"
"2045","Laccotrephes ruber","Macrognathus pancalus"
"2046","Ranatra elongata","Macrognathus pancalus"
"2047","Ranatra filiformis","Macrognathus pancalus"
"2048","Ranatra varipes","Macrognathus pancalus"
"2049","Anisops campbelli","Macrognathus pancalus"
"2050","Hydrovatus confertus","Macrognathus pancalus"
"2051","Herbaceous aquatic plants","Macrognathus pancalus"
"2052","Parambassis baculis","Macrognathus pancalus"
"2053","Aplocheilus panchax","Macrognathus pancalus"
"2054","Badis badis","Macrognathus pancalus"
"2055","Puntius vittatus","Macrognathus pancalus"
"2056","Rasbora daniconius","Macrognathus pancalus"
"2057","Pethia phutunio","Macrognathus pancalus"
"2058","Trichogaster lalius","Macrognathus pancalus"
"2059","Trichogaster fasciata","Macrognathus pancalus"
"2060","Big fish juveniles","Macrognathus pancalus"
"2061","Macrobrachium malcolmsonii","Mastacembelus armatus"
"2062","Macrobrachium rosenbergii","Mastacembelus armatus"
"2063","Macrobrachium rude","Mastacembelus armatus"
"2064","Macrobrachium equidens","Mastacembelus armatus"
"2065","Parambassis baculis","Mastacembelus armatus"
"2066","Aplocheilus panchax","Mastacembelus armatus"
"2067","Badis badis","Mastacembelus armatus"
"2068","Puntius vittatus","Mastacembelus armatus"
"2069","Rasbora daniconius","Mastacembelus armatus"
"2070","Pethia phutunio","Mastacembelus armatus"
"2071","Trichogaster lalius","Mastacembelus armatus"
"2072","Trichogaster fasciata","Mastacembelus armatus"
"2073","Diplonychus annulatus","Mastacembelus armatus"
"2074","Diplonychus rusticus","Mastacembelus armatus"
"2075","Aquarius adelaides","Mastacembelus armatus"
"2076","Limnogonus fossarum","Mastacembelus armatus"
"2077","Laccotrephes griseus","Mastacembelus armatus"
"2078","Laccotrephes ruber","Mastacembelus armatus"
"2079","Ranatra elongata","Mastacembelus armatus"
"2080","Ranatra filiformis","Mastacembelus armatus"
"2081","Ranatra varipes","Mastacembelus armatus"
"2082","Anisops campbelli","Mastacembelus armatus"
"2083","Hydrovatus confertus","Mastacembelus armatus"
"2084","Big fish juveniles","Mastacembelus armatus"
"2085","Arcella discoides","Notopterus notopterus"
"2086","Centropyxis aculeata","Notopterus notopterus"
"2087","Brachionus calyciflorus","Notopterus notopterus"
"2088","Brachionus forficula","Notopterus notopterus"
"2089","Keratella lenzi","Notopterus notopterus"
"2090","Lecane aculeata","Notopterus notopterus"
"2091","Lecane bulla","Notopterus notopterus"
"2092","Asplanchna brightwelli","Notopterus notopterus"
"2093","Mesocyclops leukarti","Notopterus notopterus"
"2094","Scapholeberis kingi","Notopterus notopterus"
"2095","Macrothrix spinosa","Notopterus notopterus"
"2096","Macrothrix goeldi","Notopterus notopterus"
"2097","Alona pulchella","Notopterus notopterus"
"2098","Coronatella rectangula","Notopterus notopterus"
"2099","Macrobrachium malcolmsonii","Notopterus notopterus"
"2100","Macrobrachium rosenbergii","Notopterus notopterus"
"2101","Macrobrachium rude","Notopterus notopterus"
"2102","Macrobrachium equidens","Notopterus notopterus"
"2103","Pila globosa","Notopterus notopterus"
"2104","Filopaludina bengalensis","Notopterus notopterus"
"2105","Melanoides tuberculata","Notopterus notopterus"
"2106","Tarebia lineata","Notopterus notopterus"
"2107","Bithynia pulchella","Notopterus notopterus"
"2108","Gabbia orcula","Notopterus notopterus"
"2109","Radix rufescens","Notopterus notopterus"
"2110","Racesina luteola","Notopterus notopterus"
"2111","Gyraulus barrackporensis","Notopterus notopterus"
"2112","Gyraulus convexiusculus","Notopterus notopterus"
"2113","Gyraulus euphraticus","Notopterus notopterus"
"2114","Aplocheilus panchax","Notopterus notopterus"
"2115","Badis badis","Notopterus notopterus"
"2116","Puntius vittatus","Notopterus notopterus"
"2117","Rasbora daniconius","Notopterus notopterus"
"2118","Pethia phutunio","Notopterus notopterus"
"2119","Trichogaster lalius","Notopterus notopterus"
"2120","Trichogaster fasciata","Notopterus notopterus"
"2121","Big fish juveniles","Notopterus notopterus"
"2122","Diplonychus annulatus","Notopterus notopterus"
"2123","Diplonychus rusticus","Notopterus notopterus"
"2124","Aquarius adelaides","Notopterus notopterus"
"2125","Limnogonus fossarum","Notopterus notopterus"
"2126","Laccotrephes griseus","Notopterus notopterus"
"2127","Laccotrephes ruber","Notopterus notopterus"
"2128","Ranatra elongata","Notopterus notopterus"
"2129","Ranatra filiformis","Notopterus notopterus"
"2130","Ranatra varipes","Notopterus notopterus"
"2131","Anisops campbelli","Notopterus notopterus"
"2132","Hydrovatus confertus","Notopterus notopterus"
"2133","Detritus","Notopterus notopterus"
"2134","Green Algae","Trichogaster lalius"
"2135","Arcella discoides","Trichogaster lalius"
"2136","Centropyxis aculeata","Trichogaster lalius"
"2137","Brachionus calyciflorus","Trichogaster lalius"
"2138","Brachionus forficula","Trichogaster lalius"
"2139","Keratella lenzi","Trichogaster lalius"
"2140","Lecane aculeata","Trichogaster lalius"
"2141","Lecane bulla","Trichogaster lalius"
"2142","Asplanchna brightwelli","Trichogaster lalius"
"2143","Mesocyclops leukarti","Trichogaster lalius"
"2144","Scapholeberis kingi","Trichogaster lalius"
"2145","Macrothrix spinosa","Trichogaster lalius"
"2146","Macrothrix goeldi","Trichogaster lalius"
"2147","Alona pulchella","Trichogaster lalius"
"2148","Coronatella rectangula","Trichogaster lalius"
"2149","Green Algae","Trichogaster fasciata"
"2150","Arcella discoides","Trichogaster fasciata"
"2151","Centropyxis aculeata","Trichogaster fasciata"
"2152","Brachionus calyciflorus","Trichogaster fasciata"
"2153","Brachionus forficula","Trichogaster fasciata"
"2154","Keratella lenzi","Trichogaster fasciata"
"2155","Lecane aculeata","Trichogaster fasciata"
"2156","Lecane bulla","Trichogaster fasciata"
"2157","Asplanchna brightwelli","Trichogaster fasciata"
"2158","Mesocyclops leukarti","Trichogaster fasciata"
"2159","Scapholeberis kingi","Trichogaster fasciata"
"2160","Macrothrix spinosa","Trichogaster fasciata"
"2161","Macrothrix goeldi","Trichogaster fasciata"
"2162","Alona pulchella","Trichogaster fasciata"
"2163","Coronatella rectangula","Trichogaster fasciata"
"2164","Diplonychus annulatus","Trichogaster fasciata"
"2165","Diplonychus rusticus","Trichogaster fasciata"
"2166","Aquarius adelaides","Trichogaster fasciata"
"2167","Limnogonus fossarum","Trichogaster fasciata"
"2168","Laccotrephes griseus","Trichogaster fasciata"
"2169","Laccotrephes ruber","Trichogaster fasciata"
"2170","Ranatra elongata","Trichogaster fasciata"
"2171","Ranatra filiformis","Trichogaster fasciata"
"2172","Ranatra varipes","Trichogaster fasciata"
"2173","Anisops campbelli","Trichogaster fasciata"
"2174","Hydrovatus confertus","Trichogaster fasciata"
"2175","Mosquito larvae","Trichogaster fasciata"
"2176","Detritus","Trichogaster fasciata"
"2177","Detritus","Pila globosa"
"2178","Herbaceous aquatic plants","Pila globosa"
"2179","Detritus","Filopaludina bengalensis"
"2180","Herbaceous aquatic plants","Filopaludina bengalensis"
"2181","Detritus","Idiopoma dissimilis"
"2182","Herbaceous aquatic plants","Idiopoma dissimilis"
"2183","Detritus","Melanoides tuberculata"
"2184","Herbaceous aquatic plants","Melanoides tuberculata"
"2185","Detritus","Tarebia lineata"
"2186","Herbaceous aquatic plants","Tarebia lineata"
"2187","Detritus","Bithynia pulchella"
"2188","Herbaceous aquatic plants","Bithynia pulchella"
"2189","Detritus","Gabbia orcula"
"2190","Herbaceous aquatic plants","Gabbia orcula"
"2191","Detritus","Radix rufescens"
"2192","Herbaceous aquatic plants","Radix rufescens"
"2193","Detritus","Racesina luteola"
"2194","Herbaceous aquatic plants","Racesina luteola"
"2195","Detritus","Gyraulus barrackporensis"
"2196","Herbaceous aquatic plants","Gyraulus barrackporensis"
"2197","Detritus","Gyraulus convexiusculus"
"2198","Herbaceous aquatic plants","Gyraulus convexiusculus"
"2199","Detritus","Gyraulus euphraticus"
"2200","Herbaceous aquatic plants","Gyraulus euphraticus"
"2201","Detritus","Indoplanorbis exustus"
"2202","Herbaceous aquatic plants","Indoplanorbis exustus"
"2203","Diplonychus annulatus","Macrobrachium malcolmsonii"
"2204","Diplonychus rusticus","Macrobrachium malcolmsonii"
"2205","Aquarius adelaides","Macrobrachium malcolmsonii"
"2206","Limnogonus fossarum","Macrobrachium malcolmsonii"
"2207","Laccotrephes griseus","Macrobrachium malcolmsonii"
"2208","Laccotrephes ruber","Macrobrachium malcolmsonii"
"2209","Ranatra elongata","Macrobrachium malcolmsonii"
"2210","Ranatra filiformis","Macrobrachium malcolmsonii"
"2211","Ranatra varipes","Macrobrachium malcolmsonii"
"2212","Anisops campbelli","Macrobrachium malcolmsonii"
"2213","Hydrovatus confertus","Macrobrachium malcolmsonii"
"2214","Detritus","Macrobrachium malcolmsonii"
"2215","Diplonychus annulatus","Macrobrachium rosenbergii"
"2216","Diplonychus rusticus","Macrobrachium rosenbergii"
"2217","Aquarius adelaides","Macrobrachium rosenbergii"
"2218","Limnogonus fossarum","Macrobrachium rosenbergii"
"2219","Laccotrephes griseus","Macrobrachium rosenbergii"
"2220","Laccotrephes ruber","Macrobrachium rosenbergii"
"2221","Ranatra elongata","Macrobrachium rosenbergii"
"2222","Ranatra filiformis","Macrobrachium rosenbergii"
"2223","Ranatra varipes","Macrobrachium rosenbergii"
"2224","Anisops campbelli","Macrobrachium rosenbergii"
"2225","Hydrovatus confertus","Macrobrachium rosenbergii"
"2226","Detritus","Macrobrachium rosenbergii"
"2227","Arcella discoides","Macrobrachium rude"
"2228","Centropyxis aculeata","Macrobrachium rude"
"2229","Brachionus calyciflorus","Macrobrachium rude"
"2230","Brachionus forficula","Macrobrachium rude"
"2231","Keratella lenzi","Macrobrachium rude"
"2232","Lecane aculeata","Macrobrachium rude"
"2233","Lecane bulla","Macrobrachium rude"
"2234","Asplanchna brightwelli","Macrobrachium rude"
"2235","Mesocyclops leukarti","Macrobrachium rude"
"2236","Scapholeberis kingi","Macrobrachium rude"
"2237","Macrothrix spinosa","Macrobrachium rude"
"2238","Macrothrix goeldi","Macrobrachium rude"
"2239","Alona pulchella","Macrobrachium rude"
"2240","Coronatella rectangula","Macrobrachium rude"
"2241","Green Algae","Macrobrachium equidens"
"2242","Brachionus calyciflorus","Macrobrachium equidens"
"2243","Brachionus forficula","Macrobrachium equidens"
"2244","Keratella lenzi","Macrobrachium equidens"
"2245","Lecane aculeata","Macrobrachium equidens"
"2246","Lecane bulla","Macrobrachium equidens"
"2247","Mosquito larvae","Diplonychus annulatus"
"2248","Diplonychus rusticus","Diplonychus annulatus"
"2249","Aquarius adelaides","Diplonychus annulatus"
"2250","Limnogonus fossarum","Diplonychus annulatus"
"2251","Laccotrephes griseus","Diplonychus annulatus"
"2252","Laccotrephes ruber","Diplonychus annulatus"
"2253","Ranatra elongata","Diplonychus annulatus"
"2254","Ranatra filiformis","Diplonychus annulatus"
"2255","Ranatra varipes","Diplonychus annulatus"
"2256","Anisops campbelli","Diplonychus annulatus"
"2257","Hydrovatus confertus","Diplonychus annulatus"
"2258","Diplonychus annulatus","Diplonychus rusticus"
"2259","Aquarius adelaides","Diplonychus rusticus"
"2260","Limnogonus fossarum","Diplonychus rusticus"
"2261","Laccotrephes griseus","Diplonychus rusticus"
"2262","Laccotrephes ruber","Diplonychus rusticus"
"2263","Ranatra elongata","Diplonychus rusticus"
"2264","Ranatra filiformis","Diplonychus rusticus"
"2265","Ranatra varipes","Diplonychus rusticus"
"2266","Anisops campbelli","Diplonychus rusticus"
"2267","Hydrovatus confertus","Diplonychus rusticus"
"2268","Mosquito larvae","Diplonychus rusticus"
"2269","Mosquito larvae","Aquarius adelaides"
"2270","Mosquito larvae","Limnogonus fossarum"
"2271","Mosquito larvae","Laccotrephes griseus"
"2272","Mosquito larvae","Laccotrephes ruber"
"2273","Tadploes","Ranatra elongata"
"2274","Parambassis baculis","Ranatra elongata"
"2275","Aplocheilus panchax","Ranatra elongata"
"2276","Badis badis","Ranatra elongata"
"2277","Puntius vittatus","Ranatra elongata"
"2278","Rasbora daniconius","Ranatra elongata"
"2279","Pethia phutunio","Ranatra elongata"
"2280","Trichogaster lalius","Ranatra elongata"
"2281","Trichogaster fasciata","Ranatra elongata"
"2282","Diplonychus annulatus","Ranatra elongata"
"2283","Diplonychus rusticus","Ranatra elongata"
"2284","Aquarius adelaides","Ranatra elongata"
"2285","Limnogonus fossarum","Ranatra elongata"
"2286","Laccotrephes griseus","Ranatra elongata"
"2287","Laccotrephes ruber","Ranatra elongata"
"2288","Ranatra filiformis","Ranatra elongata"
"2289","Ranatra varipes","Ranatra elongata"
"2290","Anisops campbelli","Ranatra elongata"
"2291","Hydrovatus confertus","Ranatra elongata"
"2292","Big fish juveniles","Ranatra elongata"
"2293","Mosquito larvae","Ranatra filiformis"
"2294","Diplonychus annulatus","Ranatra filiformis"
"2295","Diplonychus rusticus","Ranatra filiformis"
"2296","Aquarius adelaides","Ranatra filiformis"
"2297","Limnogonus fossarum","Ranatra filiformis"
"2298","Laccotrephes griseus","Ranatra filiformis"
"2299","Laccotrephes ruber","Ranatra filiformis"
"2300","Ranatra elongata","Ranatra filiformis"
"2301","Ranatra varipes","Ranatra filiformis"
"2302","Anisops campbelli","Ranatra filiformis"
"2303","Hydrovatus confertus","Ranatra filiformis"
"2304","Tadploes","Ranatra filiformis"
"2305","Parambassis baculis","Ranatra filiformis"
"2306","Aplocheilus panchax","Ranatra filiformis"
"2307","Badis badis","Ranatra filiformis"
"2308","Puntius vittatus","Ranatra filiformis"
"2309","Rasbora daniconius","Ranatra filiformis"
"2310","Pethia phutunio","Ranatra filiformis"
"2311","Trichogaster lalius","Ranatra filiformis"
"2312","Trichogaster fasciata","Ranatra filiformis"
"2313","Big fish juveniles","Ranatra filiformis"
"2314","Mosquito larvae","Ranatra varipes"
"2315","Parambassis baculis","Ranatra varipes"
"2316","Aplocheilus panchax","Ranatra varipes"
"2317","Badis badis","Ranatra varipes"
"2318","Puntius vittatus","Ranatra varipes"
"2319","Rasbora daniconius","Ranatra varipes"
"2320","Pethia phutunio","Ranatra varipes"
"2321","Trichogaster lalius","Ranatra varipes"
"2322","Diplonychus rusticus","Ranatra varipes"
"2323","Aquarius adelaides","Ranatra varipes"
"2324","Limnogonus fossarum","Ranatra varipes"
"2325","Laccotrephes griseus","Ranatra varipes"
"2326","Laccotrephes ruber","Ranatra varipes"
"2327","Ranatra elongata","Ranatra varipes"
"2328","Ranatra filiformis","Ranatra varipes"
"2329","Anisops campbelli","Ranatra varipes"
"2330","Hydrovatus confertus","Ranatra varipes"
"2331","Tadploes","Ranatra varipes"
"2332","Big fish juveniles","Ranatra varipes"
"2333","Brachionus calyciflorus","Anisops campbelli"
"2334","Brachionus forficula","Anisops campbelli"
"2335","Keratella lenzi","Anisops campbelli"
"2336","Lecane aculeata","Anisops campbelli"
"2337","Lecane bulla","Anisops campbelli"
"2338","Detritus","Hydrovatus confertus"
"2339","Green Algae","Arcella discoides"
"2340","Green Algae","Centropyxis aculeata"
"2341","Green Algae","Brachionus calyciflorus"
"2342","Green Algae","Brachionus forficula"
"2343","Green Algae","Keratella lenzi"
"2344","Green Algae","Lecane aculeata"
"2345","Green Algae","Lecane bulla"
"2346","Green Algae","Asplanchna brightwelli"
"2347","Green Algae","Mesocyclops leukarti"
"2348","Green Algae","Scapholeberis kingi"
"2349","Green Algae","Macrothrix spinosa"
"2350","Green Algae","Macrothrix goeldi"
"2351","Green Algae","Alona pulchella"
"2352","Green Algae","Coronatella rectangula"
"2353","Arcella discoides","Odonata sp."
"2354","Centropyxis aculeata","Odonata sp."
"2355","Brachionus calyciflorus","Odonata sp."
"2356","Brachionus forficula","Odonata sp."
"2357","Keratella lenzi","Odonata sp."
"2358","Lecane aculeata","Odonata sp."
"2359","Lecane bulla","Odonata sp."
"2360","Asplanchna brightwelli","Odonata sp."
"2361","Mesocyclops leukarti","Odonata sp."
"2362","Scapholeberis kingi","Odonata sp."
"2363","Macrothrix spinosa","Odonata sp."
"2364","Macrothrix goeldi","Odonata sp."
"2365","Alona pulchella","Odonata sp."
"2366","Coronatella rectangula","Odonata sp."
"2367","Tadploes","Odonata sp."
"2368","Green Algae","Mosquito larvae"
"2369","Detritus","Mosquito larvae"
"2370","Arcella discoides","Carp sp."
"2371","Centropyxis aculeata","Carp sp."
"2372","Brachionus calyciflorus","Carp sp."
"2373","Brachionus forficula","Carp sp."
"2374","Keratella lenzi","Carp sp."
"2375","Lecane aculeata","Carp sp."
"2376","Lecane bulla","Carp sp."
"2377","Asplanchna brightwelli","Carp sp."
"2378","Mesocyclops leukarti","Carp sp."
"2379","Scapholeberis kingi","Carp sp."
"2380","Macrothrix spinosa","Carp sp."
"2381","Macrothrix goeldi","Carp sp."
"2382","Alona pulchella","Carp sp."
"2383","Coronatella rectangula","Carp sp."
"2384","Green Algae","Carp sp."
"2385","Detritus","Carp sp."
"2386","Herbaceous aquatic plants","Carp sp."
"2387","Arcella discoides","Big fish juveniles"
"2388","Centropyxis aculeata","Big fish juveniles"
"2389","Brachionus calyciflorus","Big fish juveniles"
"2390","Brachionus forficula","Big fish juveniles"
"2391","Keratella lenzi","Big fish juveniles"
"2392","Lecane aculeata","Big fish juveniles"
"2393","Lecane bulla","Big fish juveniles"
"2394","Asplanchna brightwelli","Big fish juveniles"
"2395","Mesocyclops leukarti","Big fish juveniles"
"2396","Scapholeberis kingi","Big fish juveniles"
"2397","Macrothrix spinosa","Big fish juveniles"
"2398","Macrothrix goeldi","Big fish juveniles"
"2399","Alona pulchella","Big fish juveniles"
"2400","Coronatella rectangula","Big fish juveniles"
"2401","Green Algae","Big fish juveniles"
"2402","Detritus","Big fish juveniles"
"2403","Herbaceous aquatic plants","Big fish juveniles"
"2404","Green Algae","Tadploes"
"2405","Detritus","Tadploes"
"2406","Herbaceous aquatic plants","Tadploes"
