Premonsoon,S1,Channa punctata,343
Premonsoon,S1,Felis chaus,296
Premonsoon,S1,Channa striata,343
Premonsoon,S1,Mystus tengara,126
Premonsoon,S1,Mystus vittatus,118
Premonsoon,S1,Glossogobius giuris,269
Premonsoon,S1,Oreochromis niloticus,188
Premonsoon,S1,Duttaphrynus melanostictus,335
Premonsoon,S1,Duttaphrynus scaber,325
Premonsoon,S1,Fejervarya orissaensis,144
Premonsoon,S1,Minervarya agricola,423
Premonsoon,S1,Hoplobatrachus tigerinus,177
Premonsoon,S1,Hoplobatrachus crassus,138
Premonsoon,S1,Netuma thalassina,456
Premonsoon,S1,Prionailurus viverrinus,407
Premonsoon,S1,Macrognathus pancalus,242
Premonsoon,S1,Xenentodon cancila,94
Premonsoon,S1,Channa gachua,277
Premonsoon,S1,Heteropneustes fossilis,162
Premonsoon,S1,Mastacembelus armatus,179
Premonsoon,S1,Notopterus notopterus,239
Premonsoon,S1,Trichogaster lalius,551
Premonsoon,S1,Trichogaster fasciata,559
Premonsoon,S1,Diplonychus annulatus,231
Premonsoon,S1,Diplonychus rusticus,229
Premonsoon,S1,Aquarius adelaides,223
Premonsoon,S1,Limnogonus fossarum,223
Premonsoon,S1,Laccotrephes griseus,223
Premonsoon,S1,Laccotrephes ruber,223
Premonsoon,S1,Ranatra elongata,206
Premonsoon,S1,Ranatra filiformis,251
Premonsoon,S1,Ranatra varipes,263
Premonsoon,S1,Anisops campbelli,439
Premonsoon,S1,Euphlyctis cyanophlyctis,111
Premonsoon,S1,Lissemys punctata,145
Premonsoon,S1,Big fish juveniles,604
Premonsoon,S1,Parambassis baculis,119
Premonsoon,S1,Dendrocygna javanica,429
Premonsoon,S1,Aplocheilus panchax,96
Premonsoon,S1,Badis badis,554
Premonsoon,S1,Puntius vittatus,186
Premonsoon,S1,Rasbora daniconius,283
Premonsoon,S1,Pethia phutunio,554
Premonsoon,S1,Pila globosa,128
Premonsoon,S1,Filopaludina bengalensis,128
Premonsoon,S1,Idiopoma dissimilis,1
Premonsoon,S1,Melanoides tuberculata,128
Premonsoon,S1,Tarebia lineata,128
Premonsoon,S1,Bithynia pulchella,128
Premonsoon,S1,Gabbia orcula,128
Premonsoon,S1,Radix rufescens,128
Premonsoon,S1,Racesina luteola,128
Premonsoon,S1,Herbaceous aquatic plants,208
Premonsoon,S1,Nettapus coromandelianus,42
Premonsoon,S1,Macrobrachium malcolmsonii,155
Premonsoon,S1,Macrobrachium rosenbergii,155
Premonsoon,S1,Macrobrachium rude,301
Premonsoon,S1,Macrobrachium equidens,175
Premonsoon,S1,Hydrovatus confertus,238
Premonsoon,S1,Anas poecilorhyncha,20
Premonsoon,S1,Tachybaptus ruficollis,145
Premonsoon,S1,Gyraulus barrackporensis,134
Premonsoon,S1,Gyraulus convexiusculus,134
Premonsoon,S1,Gyraulus euphraticus,134
Premonsoon,S1,Indoplanorbis exustus,129
Premonsoon,S1,Centropus bengalensis,46
Premonsoon,S1,Minervarya pierrei,414
Premonsoon,S1,Uperodon systoma,138
Premonsoon,S1,Polypedates maculatus,112
Premonsoon,S1,Gallinula chloropus,70
Premonsoon,S1,Porphyrio poliocephalus,32
Premonsoon,S1,Amaurornis phoenicurus,121
Premonsoon,S1,Himantopus himantopus,44
Premonsoon,S1,Vanellus indicus,44
Premonsoon,S1,Metopidius indicus,32
Premonsoon,S1,Hydrophasianus chirurgus,32
Premonsoon,S1,Anastomus oscitans,233
Premonsoon,S1,Mycteria leucocephala,383
Premonsoon,S1,Microcarbo niger,346
Premonsoon,S1,Ardea purpurea,159
Premonsoon,S1,Enhydris enhydris,313
Premonsoon,S1,Fowlea piscator,270
Premonsoon,S1,Ardea alba,161
Premonsoon,S1,Ardea intermedia,161
Premonsoon,S1,Egretta garzetta,171
Premonsoon,S1,Bubulcus ibis,111
Premonsoon,S1,Ardeola grayii,171
Premonsoon,S1,Nycticorax nycticorax,161
Premonsoon,S1,Haliaeetus leucogaster,512
Premonsoon,S1,Bungarus fasciatus,315
Premonsoon,S1,Naja naja,168
Premonsoon,S1,Spilornis cheela,54
Premonsoon,S1,Alcedo atthis,135
Premonsoon,S1,Halcyon smyrnensis,135
Premonsoon,S1,Ceryle rudis,135
Premonsoon,S1,Odonata sp.,111
Premonsoon,S1,Merops orientalis,14
Premonsoon,S1,Coracias benghalensis,190
Premonsoon,S1,Oriolus kundoo,14
Premonsoon,S1,Oriolus xanthornus,14
Premonsoon,S1,Hirundo rustica,20
Premonsoon,S1,Acridotheres ginginianus,160
Premonsoon,S1,Motacilla citreola,20
Premonsoon,S1,Varanus bengalensis,169
Premonsoon,S1,Detritus,391
Premonsoon,S1,Mosquito larvae,509
Premonsoon,S1,Arcella discoides,216
Premonsoon,S1,Centropyxis aculeata,216
Premonsoon,S1,Brachionus calyciflorus,284
Premonsoon,S1,Brachionus forficula,284
Premonsoon,S1,Keratella lenzi,284
Premonsoon,S1,Lecane aculeata,284
Premonsoon,S1,Lecane bulla,284
Premonsoon,S1,Asplanchna brightwelli,216
Premonsoon,S1,Mesocyclops leukarti,242
Premonsoon,S1,Scapholeberis kingi,242
Premonsoon,S1,Macrothrix spinosa,216
Premonsoon,S1,Macrothrix goeldi,216
Premonsoon,S1,Alona pulchella,216
Premonsoon,S1,Coronatella rectangula,216
Premonsoon,S1,Green Algae,282
Premonsoon,S1,Carp sp.,0
Premonsoon,S2,Channa punctata,528
Premonsoon,S2,Felis chaus,15
Premonsoon,S2,Channa striata,528
Premonsoon,S2,Mystus tengara,15
Premonsoon,S2,Mystus vittatus,31
Premonsoon,S2,Glossogobius giuris,323
Premonsoon,S2,Oreochromis niloticus,116
Premonsoon,S2,Duttaphrynus melanostictus,230
Premonsoon,S2,Duttaphrynus scaber,217
Premonsoon,S2,Fejervarya orissaensis,266
Premonsoon,S2,Minervarya agricola,270
Premonsoon,S2,Hoplobatrachus tigerinus,428
Premonsoon,S2,Hoplobatrachus crassus,315
Premonsoon,S2,Netuma thalassina,205
Premonsoon,S2,Prionailurus viverrinus,264
Premonsoon,S2,Macrognathus pancalus,345
Premonsoon,S2,Xenentodon cancila,121
Premonsoon,S2,Channa gachua,527
Premonsoon,S2,Heteropneustes fossilis,51
Premonsoon,S2,Mastacembelus armatus,253
Premonsoon,S2,Notopterus notopterus,395
Premonsoon,S2,Trichogaster lalius,168
Premonsoon,S2,Trichogaster fasciata,338
Premonsoon,S2,Diplonychus annulatus,739
Premonsoon,S2,Diplonychus rusticus,684
Premonsoon,S2,Aquarius adelaides,612
Premonsoon,S2,Limnogonus fossarum,612
Premonsoon,S2,Laccotrephes griseus,612
Premonsoon,S2,Laccotrephes ruber,612
Premonsoon,S2,Ranatra elongata,526
Premonsoon,S2,Ranatra filiformis,530
Premonsoon,S2,Ranatra varipes,614
Premonsoon,S2,Anisops campbelli,635
Premonsoon,S2,Euphlyctis cyanophlyctis,226
Premonsoon,S2,Lissemys punctata,349
Premonsoon,S2,Big fish juveniles,181
Premonsoon,S2,Parambassis baculis,219
Premonsoon,S2,Dendrocygna javanica,176
Premonsoon,S2,Aplocheilus panchax,227
Premonsoon,S2,Badis badis,343
Premonsoon,S2,Puntius vittatus,291
Premonsoon,S2,Rasbora daniconius,261
Premonsoon,S2,Pethia phutunio,343
Premonsoon,S2,Pila globosa,50
Premonsoon,S2,Filopaludina bengalensis,50
Premonsoon,S2,Idiopoma dissimilis,1
Premonsoon,S2,Melanoides tuberculata,50
Premonsoon,S2,Tarebia lineata,50
Premonsoon,S2,Bithynia pulchella,50
Premonsoon,S2,Gabbia orcula,50
Premonsoon,S2,Radix rufescens,50
Premonsoon,S2,Racesina luteola,50
Premonsoon,S2,Herbaceous aquatic plants,163
Premonsoon,S2,Nettapus coromandelianus,53
Premonsoon,S2,Macrobrachium malcolmsonii,249
Premonsoon,S2,Macrobrachium rosenbergii,249
Premonsoon,S2,Macrobrachium rude,111
Premonsoon,S2,Macrobrachium equidens,84
Premonsoon,S2,Hydrovatus confertus,594
Premonsoon,S2,Anas poecilorhyncha,31
Premonsoon,S2,Tachybaptus ruficollis,128
Premonsoon,S2,Gyraulus barrackporensis,42
Premonsoon,S2,Gyraulus convexiusculus,42
Premonsoon,S2,Gyraulus euphraticus,42
Premonsoon,S2,Indoplanorbis exustus,38
Premonsoon,S2,Centropus bengalensis,202
Premonsoon,S2,Minervarya pierrei,298
Premonsoon,S2,Uperodon systoma,250
Premonsoon,S2,Polypedates maculatus,216
Premonsoon,S2,Gallinula chloropus,154
Premonsoon,S2,Porphyrio poliocephalus,43
Premonsoon,S2,Amaurornis phoenicurus,108
Premonsoon,S2,Himantopus himantopus,31
Premonsoon,S2,Vanellus indicus,31
Premonsoon,S2,Metopidius indicus,43
Premonsoon,S2,Hydrophasianus chirurgus,43
Premonsoon,S2,Anastomus oscitans,24
Premonsoon,S2,Mycteria leucocephala,428
Premonsoon,S2,Microcarbo niger,25
Premonsoon,S2,Ardea purpurea,247
Premonsoon,S2,Enhydris enhydris,57
Premonsoon,S2,Fowlea piscator,49
Premonsoon,S2,Ardea alba,217
Premonsoon,S2,Ardea intermedia,217
Premonsoon,S2,Egretta garzetta,251
Premonsoon,S2,Bubulcus ibis,94
Premonsoon,S2,Ardeola grayii,251
Premonsoon,S2,Nycticorax nycticorax,217
Premonsoon,S2,Haliaeetus leucogaster,131
Premonsoon,S2,Bungarus fasciatus,41
Premonsoon,S2,Naja naja,12
Premonsoon,S2,Spilornis cheela,2
Premonsoon,S2,Alcedo atthis,149
Premonsoon,S2,Halcyon smyrnensis,149
Premonsoon,S2,Ceryle rudis,149
Premonsoon,S2,Odonata sp.,2
Premonsoon,S2,Merops orientalis,0
Premonsoon,S2,Coracias benghalensis,25
Premonsoon,S2,Oriolus kundoo,0
Premonsoon,S2,Oriolus xanthornus,0
Premonsoon,S2,Hirundo rustica,31
Premonsoon,S2,Acridotheres ginginianus,13
Premonsoon,S2,Motacilla citreola,31
Premonsoon,S2,Varanus bengalensis,18
Premonsoon,S2,Detritus,107
Premonsoon,S2,Mosquito larvae,40
Premonsoon,S2,Arcella discoides,20
Premonsoon,S2,Centropyxis aculeata,20
Premonsoon,S2,Brachionus calyciflorus,31
Premonsoon,S2,Brachionus forficula,31
Premonsoon,S2,Keratella lenzi,31
Premonsoon,S2,Lecane aculeata,31
Premonsoon,S2,Lecane bulla,31
Premonsoon,S2,Asplanchna brightwelli,20
Premonsoon,S2,Mesocyclops leukarti,24
Premonsoon,S2,Scapholeberis kingi,24
Premonsoon,S2,Macrothrix spinosa,20
Premonsoon,S2,Macrothrix goeldi,20
Premonsoon,S2,Alona pulchella,20
Premonsoon,S2,Coronatella rectangula,20
Premonsoon,S2,Green Algae,122
Premonsoon,S2,Carp sp.,14
Premonsoon,S4,Channa punctata,804
Premonsoon,S4,Felis chaus,51
Premonsoon,S4,Channa striata,804
Premonsoon,S4,Mystus tengara,347
Premonsoon,S4,Mystus vittatus,345
Premonsoon,S4,Glossogobius giuris,622
Premonsoon,S4,Oreochromis niloticus,524
Premonsoon,S4,Duttaphrynus melanostictus,529
Premonsoon,S4,Duttaphrynus scaber,511
Premonsoon,S4,Fejervarya orissaensis,433
Premonsoon,S4,Minervarya agricola,581
Premonsoon,S4,Hoplobatrachus tigerinus,247
Premonsoon,S4,Hoplobatrachus crassus,290
Premonsoon,S4,Netuma thalassina,511
Premonsoon,S4,Prionailurus viverrinus,219
Premonsoon,S4,Macrognathus pancalus,967
Premonsoon,S4,Xenentodon cancila,235
Premonsoon,S4,Channa gachua,880
Premonsoon,S4,Heteropneustes fossilis,399
Premonsoon,S4,Mastacembelus armatus,254
Premonsoon,S4,Notopterus notopterus,1015
Premonsoon,S4,Trichogaster lalius,902
Premonsoon,S4,Trichogaster fasciata,883
Premonsoon,S4,Diplonychus annulatus,455
Premonsoon,S4,Diplonychus rusticus,455
Premonsoon,S4,Aquarius adelaides,738
Premonsoon,S4,Limnogonus fossarum,738
Premonsoon,S4,Laccotrephes griseus,738
Premonsoon,S4,Laccotrephes ruber,738
Premonsoon,S4,Ranatra elongata,366
Premonsoon,S4,Ranatra filiformis,370
Premonsoon,S4,Ranatra varipes,386
Premonsoon,S4,Anisops campbelli,725
Premonsoon,S4,Euphlyctis cyanophlyctis,352
Premonsoon,S4,Lissemys punctata,781
Premonsoon,S4,Big fish juveniles,920
Premonsoon,S4,Parambassis baculis,619
Premonsoon,S4,Dendrocygna javanica,318
Premonsoon,S4,Aplocheilus panchax,648
Premonsoon,S4,Badis badis,829
Premonsoon,S4,Puntius vittatus,622
Premonsoon,S4,Rasbora daniconius,691
Premonsoon,S4,Pethia phutunio,829
Premonsoon,S4,Pila globosa,664
Premonsoon,S4,Filopaludina bengalensis,664
Premonsoon,S4,Idiopoma dissimilis,31
Premonsoon,S4,Melanoides tuberculata,664
Premonsoon,S4,Tarebia lineata,664
Premonsoon,S4,Bithynia pulchella,664
Premonsoon,S4,Gabbia orcula,664
Premonsoon,S4,Radix rufescens,664
Premonsoon,S4,Racesina luteola,664
Premonsoon,S4,Herbaceous aquatic plants,396
Premonsoon,S4,Nettapus coromandelianus,58
Premonsoon,S4,Macrobrachium malcolmsonii,374
Premonsoon,S4,Macrobrachium rosenbergii,374
Premonsoon,S4,Macrobrachium rude,546
Premonsoon,S4,Macrobrachium equidens,497
Premonsoon,S4,Hydrovatus confertus,725
Premonsoon,S4,Anas poecilorhyncha,26
Premonsoon,S4,Tachybaptus ruficollis,473
Premonsoon,S4,Gyraulus barrackporensis,641
Premonsoon,S4,Gyraulus convexiusculus,641
Premonsoon,S4,Gyraulus euphraticus,641
Premonsoon,S4,Indoplanorbis exustus,597
Premonsoon,S4,Centropus bengalensis,317
Premonsoon,S4,Minervarya pierrei,557
Premonsoon,S4,Uperodon systoma,407
Premonsoon,S4,Polypedates maculatus,405
Premonsoon,S4,Gallinula chloropus,68
Premonsoon,S4,Porphyrio poliocephalus,224
Premonsoon,S4,Amaurornis phoenicurus,391
Premonsoon,S4,Himantopus himantopus,213
Premonsoon,S4,Vanellus indicus,213
Premonsoon,S4,Metopidius indicus,224
Premonsoon,S4,Hydrophasianus chirurgus,224
Premonsoon,S4,Anastomus oscitans,301
Premonsoon,S4,Mycteria leucocephala,444
Premonsoon,S4,Microcarbo niger,228
Premonsoon,S4,Ardea purpurea,218
Premonsoon,S4,Enhydris enhydris,158
Premonsoon,S4,Fowlea piscator,135
Premonsoon,S4,Ardea alba,189
Premonsoon,S4,Ardea intermedia,189
Premonsoon,S4,Egretta garzetta,281
Premonsoon,S4,Bubulcus ibis,67
Premonsoon,S4,Ardeola grayii,281
Premonsoon,S4,Nycticorax nycticorax,189
Premonsoon,S4,Haliaeetus leucogaster,192
Premonsoon,S4,Bungarus fasciatus,158
Premonsoon,S4,Naja naja,52
Premonsoon,S4,Spilornis cheela,4
Premonsoon,S4,Alcedo atthis,122
Premonsoon,S4,Halcyon smyrnensis,122
Premonsoon,S4,Ceryle rudis,122
Premonsoon,S4,Odonata sp.,115
Premonsoon,S4,Merops orientalis,0
Premonsoon,S4,Coracias benghalensis,51
Premonsoon,S4,Oriolus kundoo,0
Premonsoon,S4,Oriolus xanthornus,0
Premonsoon,S4,Hirundo rustica,15
Premonsoon,S4,Acridotheres ginginianus,32
Premonsoon,S4,Motacilla citreola,15
Premonsoon,S4,Varanus bengalensis,35
Premonsoon,S4,Detritus,286
Premonsoon,S4,Mosquito larvae,37
Premonsoon,S4,Arcella discoides,294
Premonsoon,S4,Centropyxis aculeata,294
Premonsoon,S4,Brachionus calyciflorus,292
Premonsoon,S4,Brachionus forficula,292
Premonsoon,S4,Keratella lenzi,292
Premonsoon,S4,Lecane aculeata,292
Premonsoon,S4,Lecane bulla,292
Premonsoon,S4,Asplanchna brightwelli,294
Premonsoon,S4,Mesocyclops leukarti,304
Premonsoon,S4,Scapholeberis kingi,304
Premonsoon,S4,Macrothrix spinosa,294
Premonsoon,S4,Macrothrix goeldi,294
Premonsoon,S4,Alona pulchella,294
Premonsoon,S4,Coronatella rectangula,294
Premonsoon,S4,Green Algae,192
Premonsoon,S4,Carp sp.,122
Premonsoon,S5,Channa punctata,768
Premonsoon,S5,Felis chaus,144
Premonsoon,S5,Channa striata,768
Premonsoon,S5,Mystus tengara,205
Premonsoon,S5,Mystus vittatus,215
Premonsoon,S5,Glossogobius giuris,928
Premonsoon,S5,Oreochromis niloticus,781
Premonsoon,S5,Duttaphrynus melanostictus,799
Premonsoon,S5,Duttaphrynus scaber,793
Premonsoon,S5,Fejervarya orissaensis,674
Premonsoon,S5,Minervarya agricola,868
Premonsoon,S5,Hoplobatrachus tigerinus,504
Premonsoon,S5,Hoplobatrachus crassus,540
Premonsoon,S5,Netuma thalassina,370
Premonsoon,S5,Prionailurus viverrinus,541
Premonsoon,S5,Macrognathus pancalus,999
Premonsoon,S5,Xenentodon cancila,559
Premonsoon,S5,Channa gachua,955
Premonsoon,S5,Heteropneustes fossilis,288
Premonsoon,S5,Mastacembelus armatus,687
Premonsoon,S5,Notopterus notopterus,967
Premonsoon,S5,Trichogaster lalius,575
Premonsoon,S5,Trichogaster fasciata,840
Premonsoon,S5,Diplonychus annulatus,1077
Premonsoon,S5,Diplonychus rusticus,1077
Premonsoon,S5,Aquarius adelaides,1080
Premonsoon,S5,Limnogonus fossarum,1080
Premonsoon,S5,Laccotrephes griseus,1080
Premonsoon,S5,Laccotrephes ruber,1080
Premonsoon,S5,Ranatra elongata,896
Premonsoon,S5,Ranatra filiformis,896
Premonsoon,S5,Ranatra varipes,921
Premonsoon,S5,Anisops campbelli,1122
Premonsoon,S5,Euphlyctis cyanophlyctis,573
Premonsoon,S5,Lissemys punctata,1088
Premonsoon,S5,Big fish juveniles,620
Premonsoon,S5,Parambassis baculis,600
Premonsoon,S5,Dendrocygna javanica,359
Premonsoon,S5,Aplocheilus panchax,612
Premonsoon,S5,Badis badis,758
Premonsoon,S5,Puntius vittatus,616
Premonsoon,S5,Rasbora daniconius,702
Premonsoon,S5,Pethia phutunio,758
Premonsoon,S5,Pila globosa,237
Premonsoon,S5,Filopaludina bengalensis,237
Premonsoon,S5,Idiopoma dissimilis,57
Premonsoon,S5,Melanoides tuberculata,237
Premonsoon,S5,Tarebia lineata,237
Premonsoon,S5,Bithynia pulchella,237
Premonsoon,S5,Gabbia orcula,237
Premonsoon,S5,Radix rufescens,237
Premonsoon,S5,Racesina luteola,237
Premonsoon,S5,Herbaceous aquatic plants,333
Premonsoon,S5,Nettapus coromandelianus,639
Premonsoon,S5,Macrobrachium malcolmsonii,522
Premonsoon,S5,Macrobrachium rosenbergii,522
Premonsoon,S5,Macrobrachium rude,234
Premonsoon,S5,Macrobrachium equidens,168
Premonsoon,S5,Hydrovatus confertus,1057
Premonsoon,S5,Anas poecilorhyncha,593
Premonsoon,S5,Tachybaptus ruficollis,1040
Premonsoon,S5,Gyraulus barrackporensis,224
Premonsoon,S5,Gyraulus convexiusculus,224
Premonsoon,S5,Gyraulus euphraticus,224
Premonsoon,S5,Indoplanorbis exustus,208
Premonsoon,S5,Centropus bengalensis,849
Premonsoon,S5,Minervarya pierrei,838
Premonsoon,S5,Uperodon systoma,639
Premonsoon,S5,Polypedates maculatus,607
Premonsoon,S5,Gallinula chloropus,681
Premonsoon,S5,Porphyrio poliocephalus,828
Premonsoon,S5,Amaurornis phoenicurus,1023
Premonsoon,S5,Himantopus himantopus,809
Premonsoon,S5,Vanellus indicus,809
Premonsoon,S5,Metopidius indicus,828
Premonsoon,S5,Hydrophasianus chirurgus,828
Premonsoon,S5,Anastomus oscitans,602
Premonsoon,S5,Mycteria leucocephala,712
Premonsoon,S5,Microcarbo niger,514
Premonsoon,S5,Ardea purpurea,828
Premonsoon,S5,Enhydris enhydris,341
Premonsoon,S5,Fowlea piscator,335
Premonsoon,S5,Ardea alba,847
Premonsoon,S5,Ardea intermedia,847
Premonsoon,S5,Egretta garzetta,881
Premonsoon,S5,Bubulcus ibis,759
Premonsoon,S5,Ardeola grayii,881
Premonsoon,S5,Nycticorax nycticorax,847
Premonsoon,S5,Haliaeetus leucogaster,218
Premonsoon,S5,Bungarus fasciatus,393
Premonsoon,S5,Naja naja,179
Premonsoon,S5,Spilornis cheela,11
Premonsoon,S5,Alcedo atthis,823
Premonsoon,S5,Halcyon smyrnensis,823
Premonsoon,S5,Ceryle rudis,823
Premonsoon,S5,Odonata sp.,202
Premonsoon,S5,Merops orientalis,4
Premonsoon,S5,Coracias benghalensis,201
Premonsoon,S5,Oriolus kundoo,4
Premonsoon,S5,Oriolus xanthornus,4
Premonsoon,S5,Hirundo rustica,562
Premonsoon,S5,Acridotheres ginginianus,198
Premonsoon,S5,Motacilla citreola,562
Premonsoon,S5,Varanus bengalensis,198
Premonsoon,S5,Detritus,271
Premonsoon,S5,Mosquito larvae,58
Premonsoon,S5,Arcella discoides,97
Premonsoon,S5,Centropyxis aculeata,97
Premonsoon,S5,Brachionus calyciflorus,115
Premonsoon,S5,Brachionus forficula,115
Premonsoon,S5,Keratella lenzi,115
Premonsoon,S5,Lecane aculeata,115
Premonsoon,S5,Lecane bulla,115
Premonsoon,S5,Asplanchna brightwelli,97
Premonsoon,S5,Mesocyclops leukarti,107
Premonsoon,S5,Scapholeberis kingi,107
Premonsoon,S5,Macrothrix spinosa,97
Premonsoon,S5,Macrothrix goeldi,97
Premonsoon,S5,Alona pulchella,97
Premonsoon,S5,Coronatella rectangula,97
Premonsoon,S5,Green Algae,229
Premonsoon,S5,Carp sp.,264
Premonsoon,D1,Channa punctata,33
Premonsoon,D1,Felis chaus,0
Premonsoon,D1,Channa striata,33
Premonsoon,D1,Mystus tengara,0
Premonsoon,D1,Mystus vittatus,0
Premonsoon,D1,Glossogobius giuris,29
Premonsoon,D1,Oreochromis niloticus,9
Premonsoon,D1,Duttaphrynus melanostictus,9
Premonsoon,D1,Duttaphrynus scaber,9
Premonsoon,D1,Fejervarya orissaensis,9
Premonsoon,D1,Minervarya agricola,9
Premonsoon,D1,Hoplobatrachus tigerinus,12
Premonsoon,D1,Hoplobatrachus crassus,12
Premonsoon,D1,Netuma thalassina,8
Premonsoon,D1,Prionailurus viverrinus,13
Premonsoon,D1,Macrognathus pancalus,29
Premonsoon,D1,Xenentodon cancila,9
Premonsoon,D1,Channa gachua,29
Premonsoon,D1,Heteropneustes fossilis,0
Premonsoon,D1,Mastacembelus armatus,29
Premonsoon,D1,Notopterus notopterus,26
Premonsoon,D1,Trichogaster lalius,0
Premonsoon,D1,Trichogaster fasciata,46
Premonsoon,D1,Diplonychus annulatus,148
Premonsoon,D1,Diplonychus rusticus,196
Premonsoon,D1,Aquarius adelaides,0
Premonsoon,D1,Limnogonus fossarum,0
Premonsoon,D1,Laccotrephes griseus,0
Premonsoon,D1,Laccotrephes ruber,0
Premonsoon,D1,Ranatra elongata,335
Premonsoon,D1,Ranatra filiformis,335
Premonsoon,D1,Ranatra varipes,267
Premonsoon,D1,Anisops campbelli,0
Premonsoon,D1,Euphlyctis cyanophlyctis,9
Premonsoon,D1,Lissemys punctata,29
Premonsoon,D1,Big fish juveniles,0
Premonsoon,D1,Parambassis baculis,61
Premonsoon,D1,Dendrocygna javanica,2
Premonsoon,D1,Aplocheilus panchax,64
Premonsoon,D1,Badis badis,64
Premonsoon,D1,Puntius vittatus,64
Premonsoon,D1,Rasbora daniconius,64
Premonsoon,D1,Pethia phutunio,64
Premonsoon,D1,Pila globosa,0
Premonsoon,D1,Filopaludina bengalensis,0
Premonsoon,D1,Idiopoma dissimilis,0
Premonsoon,D1,Melanoides tuberculata,0
Premonsoon,D1,Tarebia lineata,0
Premonsoon,D1,Bithynia pulchella,0
Premonsoon,D1,Gabbia orcula,0
Premonsoon,D1,Radix rufescens,0
Premonsoon,D1,Racesina luteola,0
Premonsoon,D1,Herbaceous aquatic plants,0
Premonsoon,D1,Nettapus coromandelianus,9
Premonsoon,D1,Macrobrachium malcolmsonii,9
Premonsoon,D1,Macrobrachium rosenbergii,9
Premonsoon,D1,Macrobrachium rude,0
Premonsoon,D1,Macrobrachium equidens,0
Premonsoon,D1,Hydrovatus confertus,0
Premonsoon,D1,Anas poecilorhyncha,9
Premonsoon,D1,Tachybaptus ruficollis,29
Premonsoon,D1,Gyraulus barrackporensis,0
Premonsoon,D1,Gyraulus convexiusculus,0
Premonsoon,D1,Gyraulus euphraticus,0
Premonsoon,D1,Indoplanorbis exustus,0
Premonsoon,D1,Centropus bengalensis,9
Premonsoon,D1,Minervarya pierrei,9
Premonsoon,D1,Uperodon systoma,9
Premonsoon,D1,Polypedates maculatus,9
Premonsoon,D1,Gallinula chloropus,9
Premonsoon,D1,Porphyrio poliocephalus,9
Premonsoon,D1,Amaurornis phoenicurus,29
Premonsoon,D1,Himantopus himantopus,9
Premonsoon,D1,Vanellus indicus,9
Premonsoon,D1,Metopidius indicus,9
Premonsoon,D1,Hydrophasianus chirurgus,9
Premonsoon,D1,Anastomus oscitans,0
Premonsoon,D1,Mycteria leucocephala,31
Premonsoon,D1,Microcarbo niger,0
Premonsoon,D1,Ardea purpurea,31
Premonsoon,D1,Enhydris enhydris,0
Premonsoon,D1,Fowlea piscator,6
Premonsoon,D1,Ardea alba,29
Premonsoon,D1,Ardea intermedia,29
Premonsoon,D1,Egretta garzetta,29
Premonsoon,D1,Bubulcus ibis,29
Premonsoon,D1,Ardeola grayii,29
Premonsoon,D1,Nycticorax nycticorax,29
Premonsoon,D1,Haliaeetus leucogaster,2
Premonsoon,D1,Bungarus fasciatus,0
Premonsoon,D1,Naja naja,0
Premonsoon,D1,Spilornis cheela,0
Premonsoon,D1,Alcedo atthis,29
Premonsoon,D1,Halcyon smyrnensis,29
Premonsoon,D1,Ceryle rudis,29
Premonsoon,D1,Odonata sp.,0
Premonsoon,D1,Merops orientalis,0
Premonsoon,D1,Coracias benghalensis,2
Premonsoon,D1,Oriolus kundoo,0
Premonsoon,D1,Oriolus xanthornus,0
Premonsoon,D1,Hirundo rustica,9
Premonsoon,D1,Acridotheres ginginianus,0
Premonsoon,D1,Motacilla citreola,9
Premonsoon,D1,Varanus bengalensis,2
Premonsoon,D1,Detritus,0
Premonsoon,D1,Mosquito larvae,0
Premonsoon,D1,Arcella discoides,0
Premonsoon,D1,Centropyxis aculeata,0
Premonsoon,D1,Brachionus calyciflorus,0
Premonsoon,D1,Brachionus forficula,0
Premonsoon,D1,Keratella lenzi,0
Premonsoon,D1,Lecane aculeata,0
Premonsoon,D1,Lecane bulla,0
Premonsoon,D1,Asplanchna brightwelli,0
Premonsoon,D1,Mesocyclops leukarti,0
Premonsoon,D1,Scapholeberis kingi,0
Premonsoon,D1,Macrothrix spinosa,0
Premonsoon,D1,Macrothrix goeldi,0
Premonsoon,D1,Alona pulchella,0
Premonsoon,D1,Coronatella rectangula,0
Premonsoon,D1,Green Algae,0
Premonsoon,D1,Carp sp.,0
Premonsoon,D2,Channa punctata,35
Premonsoon,D2,Felis chaus,0
Premonsoon,D2,Channa striata,35
Premonsoon,D2,Mystus tengara,2
Premonsoon,D2,Mystus vittatus,2
Premonsoon,D2,Glossogobius giuris,2
Premonsoon,D2,Oreochromis niloticus,2
Premonsoon,D2,Duttaphrynus melanostictus,1
Premonsoon,D2,Duttaphrynus scaber,1
Premonsoon,D2,Fejervarya orissaensis,4
Premonsoon,D2,Minervarya agricola,2
Premonsoon,D2,Hoplobatrachus tigerinus,14
Premonsoon,D2,Hoplobatrachus crassus,9
Premonsoon,D2,Netuma thalassina,70
Premonsoon,D2,Prionailurus viverrinus,0
Premonsoon,D2,Macrognathus pancalus,2
Premonsoon,D2,Xenentodon cancila,2
Premonsoon,D2,Channa gachua,2
Premonsoon,D2,Heteropneustes fossilis,2
Premonsoon,D2,Mastacembelus armatus,2
Premonsoon,D2,Notopterus notopterus,2
Premonsoon,D2,Trichogaster lalius,5
Premonsoon,D2,Trichogaster fasciata,15
Premonsoon,D2,Diplonychus annulatus,20
Premonsoon,D2,Diplonychus rusticus,27
Premonsoon,D2,Aquarius adelaides,29
Premonsoon,D2,Limnogonus fossarum,29
Premonsoon,D2,Laccotrephes griseus,29
Premonsoon,D2,Laccotrephes ruber,29
Premonsoon,D2,Ranatra elongata,70
Premonsoon,D2,Ranatra filiformis,76
Premonsoon,D2,Ranatra varipes,62
Premonsoon,D2,Anisops campbelli,29
Premonsoon,D2,Euphlyctis cyanophlyctis,4
Premonsoon,D2,Lissemys punctata,0
Premonsoon,D2,Big fish juveniles,5
Premonsoon,D2,Parambassis baculis,22
Premonsoon,D2,Dendrocygna javanica,0
Premonsoon,D2,Aplocheilus panchax,20
Premonsoon,D2,Badis badis,20
Premonsoon,D2,Puntius vittatus,20
Premonsoon,D2,Rasbora daniconius,22
Premonsoon,D2,Pethia phutunio,20
Premonsoon,D2,Pila globosa,2
Premonsoon,D2,Filopaludina bengalensis,2
Premonsoon,D2,Idiopoma dissimilis,0
Premonsoon,D2,Melanoides tuberculata,2
Premonsoon,D2,Tarebia lineata,2
Premonsoon,D2,Bithynia pulchella,2
Premonsoon,D2,Gabbia orcula,2
Premonsoon,D2,Radix rufescens,2
Premonsoon,D2,Racesina luteola,2
Premonsoon,D2,Herbaceous aquatic plants,0
Premonsoon,D2,Nettapus coromandelianus,0
Premonsoon,D2,Macrobrachium malcolmsonii,2
Premonsoon,D2,Macrobrachium rosenbergii,2
Premonsoon,D2,Macrobrachium rude,2
Premonsoon,D2,Macrobrachium equidens,2
Premonsoon,D2,Hydrovatus confertus,29
Premonsoon,D2,Anas poecilorhyncha,0
Premonsoon,D2,Tachybaptus ruficollis,0
Premonsoon,D2,Gyraulus barrackporensis,2
Premonsoon,D2,Gyraulus convexiusculus,2
Premonsoon,D2,Gyraulus euphraticus,2
Premonsoon,D2,Indoplanorbis exustus,2
Premonsoon,D2,Centropus bengalensis,0
Premonsoon,D2,Minervarya pierrei,4
Premonsoon,D2,Uperodon systoma,4
Premonsoon,D2,Polypedates maculatus,1
Premonsoon,D2,Gallinula chloropus,0
Premonsoon,D2,Porphyrio poliocephalus,0
Premonsoon,D2,Amaurornis phoenicurus,0
Premonsoon,D2,Himantopus himantopus,0
Premonsoon,D2,Vanellus indicus,0
Premonsoon,D2,Metopidius indicus,0
Premonsoon,D2,Hydrophasianus chirurgus,0
Premonsoon,D2,Anastomus oscitans,0
Premonsoon,D2,Mycteria leucocephala,0
Premonsoon,D2,Microcarbo niger,0
Premonsoon,D2,Ardea purpurea,0
Premonsoon,D2,Enhydris enhydris,2
Premonsoon,D2,Fowlea piscator,9
Premonsoon,D2,Ardea alba,0
Premonsoon,D2,Ardea intermedia,0
Premonsoon,D2,Egretta garzetta,0
Premonsoon,D2,Bubulcus ibis,0
Premonsoon,D2,Ardeola grayii,0
Premonsoon,D2,Nycticorax nycticorax,0
Premonsoon,D2,Haliaeetus leucogaster,0
Premonsoon,D2,Bungarus fasciatus,14
Premonsoon,D2,Naja naja,0
Premonsoon,D2,Spilornis cheela,0
Premonsoon,D2,Alcedo atthis,0
Premonsoon,D2,Halcyon smyrnensis,0
Premonsoon,D2,Ceryle rudis,0
Premonsoon,D2,Odonata sp.,0
Premonsoon,D2,Merops orientalis,0
Premonsoon,D2,Coracias benghalensis,0
Premonsoon,D2,Oriolus kundoo,0
Premonsoon,D2,Oriolus xanthornus,0
Premonsoon,D2,Hirundo rustica,0
Premonsoon,D2,Acridotheres ginginianus,0
Premonsoon,D2,Motacilla citreola,0
Premonsoon,D2,Varanus bengalensis,0
Premonsoon,D2,Detritus,0
Premonsoon,D2,Mosquito larvae,10
Premonsoon,D2,Arcella discoides,0
Premonsoon,D2,Centropyxis aculeata,0
Premonsoon,D2,Brachionus calyciflorus,0
Premonsoon,D2,Brachionus forficula,0
Premonsoon,D2,Keratella lenzi,0
Premonsoon,D2,Lecane aculeata,0
Premonsoon,D2,Lecane bulla,0
Premonsoon,D2,Asplanchna brightwelli,0
Premonsoon,D2,Mesocyclops leukarti,0
Premonsoon,D2,Scapholeberis kingi,0
Premonsoon,D2,Macrothrix spinosa,0
Premonsoon,D2,Macrothrix goeldi,0
Premonsoon,D2,Alona pulchella,0
Premonsoon,D2,Coronatella rectangula,0
Premonsoon,D2,Green Algae,0
Premonsoon,D2,Carp sp.,0
Premonsoon,D3,Channa punctata,1
Premonsoon,D3,Felis chaus,6
Premonsoon,D3,Channa striata,1
Premonsoon,D3,Mystus tengara,0
Premonsoon,D3,Mystus vittatus,0
Premonsoon,D3,Glossogobius giuris,0
Premonsoon,D3,Oreochromis niloticus,20
Premonsoon,D3,Duttaphrynus melanostictus,20
Premonsoon,D3,Duttaphrynus scaber,20
Premonsoon,D3,Fejervarya orissaensis,20
Premonsoon,D3,Minervarya agricola,20
Premonsoon,D3,Hoplobatrachus tigerinus,57
Premonsoon,D3,Hoplobatrachus crassus,57
Premonsoon,D3,Netuma thalassina,22
Premonsoon,D3,Prionailurus viverrinus,22
Premonsoon,D3,Macrognathus pancalus,0
Premonsoon,D3,Xenentodon cancila,20
Premonsoon,D3,Channa gachua,4
Premonsoon,D3,Heteropneustes fossilis,0
Premonsoon,D3,Mastacembelus armatus,0
Premonsoon,D3,Notopterus notopterus,3
Premonsoon,D3,Trichogaster lalius,0
Premonsoon,D3,Trichogaster fasciata,72
Premonsoon,D3,Diplonychus annulatus,0
Premonsoon,D3,Diplonychus rusticus,0
Premonsoon,D3,Aquarius adelaides,0
Premonsoon,D3,Limnogonus fossarum,0
Premonsoon,D3,Laccotrephes griseus,0
Premonsoon,D3,Laccotrephes ruber,0
Premonsoon,D3,Ranatra elongata,232
Premonsoon,D3,Ranatra filiformis,232
Premonsoon,D3,Ranatra varipes,205
Premonsoon,D3,Anisops campbelli,0
Premonsoon,D3,Euphlyctis cyanophlyctis,20
Premonsoon,D3,Lissemys punctata,4
Premonsoon,D3,Big fish juveniles,0
Premonsoon,D3,Parambassis baculis,106
Premonsoon,D3,Dendrocygna javanica,20
Premonsoon,D3,Aplocheilus panchax,103
Premonsoon,D3,Badis badis,97
Premonsoon,D3,Puntius vittatus,97
Premonsoon,D3,Rasbora daniconius,103
Premonsoon,D3,Pethia phutunio,97
Premonsoon,D3,Pila globosa,0
Premonsoon,D3,Filopaludina bengalensis,0
Premonsoon,D3,Idiopoma dissimilis,0
Premonsoon,D3,Melanoides tuberculata,0
Premonsoon,D3,Tarebia lineata,0
Premonsoon,D3,Bithynia pulchella,0
Premonsoon,D3,Gabbia orcula,0
Premonsoon,D3,Radix rufescens,0
Premonsoon,D3,Racesina luteola,0
Premonsoon,D3,Herbaceous aquatic plants,0
Premonsoon,D3,Nettapus coromandelianus,20
Premonsoon,D3,Macrobrachium malcolmsonii,11
Premonsoon,D3,Macrobrachium rosenbergii,11
Premonsoon,D3,Macrobrachium rude,0
Premonsoon,D3,Macrobrachium equidens,0
Premonsoon,D3,Hydrovatus confertus,0
Premonsoon,D3,Anas poecilorhyncha,20
Premonsoon,D3,Tachybaptus ruficollis,0
Premonsoon,D3,Gyraulus barrackporensis,0
Premonsoon,D3,Gyraulus convexiusculus,0
Premonsoon,D3,Gyraulus euphraticus,0
Premonsoon,D3,Indoplanorbis exustus,0
Premonsoon,D3,Centropus bengalensis,24
Premonsoon,D3,Minervarya pierrei,20
Premonsoon,D3,Uperodon systoma,20
Premonsoon,D3,Polypedates maculatus,20
Premonsoon,D3,Gallinula chloropus,24
Premonsoon,D3,Porphyrio poliocephalus,20
Premonsoon,D3,Amaurornis phoenicurus,0
Premonsoon,D3,Himantopus himantopus,20
Premonsoon,D3,Vanellus indicus,20
Premonsoon,D3,Metopidius indicus,20
Premonsoon,D3,Hydrophasianus chirurgus,20
Premonsoon,D3,Anastomus oscitans,20
Premonsoon,D3,Mycteria leucocephala,4
Premonsoon,D3,Microcarbo niger,24
Premonsoon,D3,Ardea purpurea,2
Premonsoon,D3,Enhydris enhydris,20
Premonsoon,D3,Fowlea piscator,54
Premonsoon,D3,Ardea alba,4
Premonsoon,D3,Ardea intermedia,4
Premonsoon,D3,Egretta garzetta,4
Premonsoon,D3,Bubulcus ibis,0
Premonsoon,D3,Ardeola grayii,4
Premonsoon,D3,Nycticorax nycticorax,4
Premonsoon,D3,Haliaeetus leucogaster,24
Premonsoon,D3,Bungarus fasciatus,60
Premonsoon,D3,Naja naja,4
Premonsoon,D3,Spilornis cheela,4
Premonsoon,D3,Alcedo atthis,0
Premonsoon,D3,Halcyon smyrnensis,0
Premonsoon,D3,Ceryle rudis,0
Premonsoon,D3,Odonata sp.,0
Premonsoon,D3,Merops orientalis,0
Premonsoon,D3,Coracias benghalensis,2
Premonsoon,D3,Oriolus kundoo,0
Premonsoon,D3,Oriolus xanthornus,0
Premonsoon,D3,Hirundo rustica,20
Premonsoon,D3,Acridotheres ginginianus,4
Premonsoon,D3,Motacilla citreola,20
Premonsoon,D3,Varanus bengalensis,2
Premonsoon,D3,Detritus,0
Premonsoon,D3,Mosquito larvae,0
Premonsoon,D3,Arcella discoides,0
Premonsoon,D3,Centropyxis aculeata,0
Premonsoon,D3,Brachionus calyciflorus,0
Premonsoon,D3,Brachionus forficula,0
Premonsoon,D3,Keratella lenzi,0
Premonsoon,D3,Lecane aculeata,0
Premonsoon,D3,Lecane bulla,0
Premonsoon,D3,Asplanchna brightwelli,0
Premonsoon,D3,Mesocyclops leukarti,0
Premonsoon,D3,Scapholeberis kingi,0
Premonsoon,D3,Macrothrix spinosa,0
Premonsoon,D3,Macrothrix goeldi,0
Premonsoon,D3,Alona pulchella,0
Premonsoon,D3,Coronatella rectangula,0
Premonsoon,D3,Green Algae,0
Premonsoon,D3,Carp sp.,0
Premonsoon,D4,Channa punctata,14
Premonsoon,D4,Felis chaus,0
Premonsoon,D4,Channa striata,14
Premonsoon,D4,Mystus tengara,0
Premonsoon,D4,Mystus vittatus,0
Premonsoon,D4,Glossogobius giuris,0
Premonsoon,D4,Oreochromis niloticus,0
Premonsoon,D4,Duttaphrynus melanostictus,2
Premonsoon,D4,Duttaphrynus scaber,2
Premonsoon,D4,Fejervarya orissaensis,0
Premonsoon,D4,Minervarya agricola,2
Premonsoon,D4,Hoplobatrachus tigerinus,44
Premonsoon,D4,Hoplobatrachus crassus,46
Premonsoon,D4,Netuma thalassina,28
Premonsoon,D4,Prionailurus viverrinus,0
Premonsoon,D4,Macrognathus pancalus,0
Premonsoon,D4,Xenentodon cancila,0
Premonsoon,D4,Channa gachua,0
Premonsoon,D4,Heteropneustes fossilis,0
Premonsoon,D4,Mastacembelus armatus,0
Premonsoon,D4,Notopterus notopterus,0
Premonsoon,D4,Trichogaster lalius,29
Premonsoon,D4,Trichogaster fasciata,41
Premonsoon,D4,Diplonychus annulatus,11
Premonsoon,D4,Diplonychus rusticus,13
Premonsoon,D4,Aquarius adelaides,6
Premonsoon,D4,Limnogonus fossarum,6
Premonsoon,D4,Laccotrephes griseus,6
Premonsoon,D4,Laccotrephes ruber,6
Premonsoon,D4,Ranatra elongata,87
Premonsoon,D4,Ranatra filiformis,85
Premonsoon,D4,Ranatra varipes,65
Premonsoon,D4,Anisops campbelli,6
Premonsoon,D4,Euphlyctis cyanophlyctis,0
Premonsoon,D4,Lissemys punctata,0
Premonsoon,D4,Big fish juveniles,29
Premonsoon,D4,Parambassis baculis,11
Premonsoon,D4,Dendrocygna javanica,0
Premonsoon,D4,Aplocheilus panchax,12
Premonsoon,D4,Badis badis,60
Premonsoon,D4,Puntius vittatus,18
Premonsoon,D4,Rasbora daniconius,29
Premonsoon,D4,Pethia phutunio,60
Premonsoon,D4,Pila globosa,0
Premonsoon,D4,Filopaludina bengalensis,0
Premonsoon,D4,Idiopoma dissimilis,0
Premonsoon,D4,Melanoides tuberculata,0
Premonsoon,D4,Tarebia lineata,0
Premonsoon,D4,Bithynia pulchella,0
Premonsoon,D4,Gabbia orcula,0
Premonsoon,D4,Radix rufescens,0
Premonsoon,D4,Racesina luteola,0
Premonsoon,D4,Herbaceous aquatic plants,5
Premonsoon,D4,Nettapus coromandelianus,0
Premonsoon,D4,Macrobrachium malcolmsonii,0
Premonsoon,D4,Macrobrachium rosenbergii,0
Premonsoon,D4,Macrobrachium rude,9
Premonsoon,D4,Macrobrachium equidens,9
Premonsoon,D4,Hydrovatus confertus,6
Premonsoon,D4,Anas poecilorhyncha,0
Premonsoon,D4,Tachybaptus ruficollis,0
Premonsoon,D4,Gyraulus barrackporensis,0
Premonsoon,D4,Gyraulus convexiusculus,0
Premonsoon,D4,Gyraulus euphraticus,0
Premonsoon,D4,Indoplanorbis exustus,0
Premonsoon,D4,Centropus bengalensis,0
Premonsoon,D4,Minervarya pierrei,0
Premonsoon,D4,Uperodon systoma,0
Premonsoon,D4,Polypedates maculatus,2
Premonsoon,D4,Gallinula chloropus,0
Premonsoon,D4,Porphyrio poliocephalus,0
Premonsoon,D4,Amaurornis phoenicurus,0
Premonsoon,D4,Himantopus himantopus,0
Premonsoon,D4,Vanellus indicus,0
Premonsoon,D4,Metopidius indicus,0
Premonsoon,D4,Hydrophasianus chirurgus,0
Premonsoon,D4,Anastomus oscitans,0
Premonsoon,D4,Mycteria leucocephala,0
Premonsoon,D4,Microcarbo niger,0
Premonsoon,D4,Ardea purpurea,0
Premonsoon,D4,Enhydris enhydris,2
Premonsoon,D4,Fowlea piscator,46
Premonsoon,D4,Ardea alba,0
Premonsoon,D4,Ardea intermedia,0
Premonsoon,D4,Egretta garzetta,0
Premonsoon,D4,Bubulcus ibis,0
Premonsoon,D4,Ardeola grayii,0
Premonsoon,D4,Nycticorax nycticorax,0
Premonsoon,D4,Haliaeetus leucogaster,0
Premonsoon,D4,Bungarus fasciatus,44
Premonsoon,D4,Naja naja,0
Premonsoon,D4,Spilornis cheela,0
Premonsoon,D4,Alcedo atthis,0
Premonsoon,D4,Halcyon smyrnensis,0
Premonsoon,D4,Ceryle rudis,0
Premonsoon,D4,Odonata sp.,3
Premonsoon,D4,Merops orientalis,0
Premonsoon,D4,Coracias benghalensis,0
Premonsoon,D4,Oriolus kundoo,0
Premonsoon,D4,Oriolus xanthornus,0
Premonsoon,D4,Hirundo rustica,0
Premonsoon,D4,Acridotheres ginginianus,0
Premonsoon,D4,Motacilla citreola,0
Premonsoon,D4,Varanus bengalensis,0
Premonsoon,D4,Detritus,7
Premonsoon,D4,Mosquito larvae,15
Premonsoon,D4,Arcella discoides,8
Premonsoon,D4,Centropyxis aculeata,8
Premonsoon,D4,Brachionus calyciflorus,8
Premonsoon,D4,Brachionus forficula,8
Premonsoon,D4,Keratella lenzi,8
Premonsoon,D4,Lecane aculeata,8
Premonsoon,D4,Lecane bulla,8
Premonsoon,D4,Asplanchna brightwelli,8
Premonsoon,D4,Mesocyclops leukarti,11
Premonsoon,D4,Scapholeberis kingi,11
Premonsoon,D4,Macrothrix spinosa,8
Premonsoon,D4,Macrothrix goeldi,8
Premonsoon,D4,Alona pulchella,8
Premonsoon,D4,Coronatella rectangula,8
Premonsoon,D4,Green Algae,7
Premonsoon,D4,Carp sp.,0
Premonsoon,D5,Channa punctata,0
Premonsoon,D5,Felis chaus,0
Premonsoon,D5,Channa striata,0
Premonsoon,D5,Mystus tengara,0
Premonsoon,D5,Mystus vittatus,0
Premonsoon,D5,Glossogobius giuris,0
Premonsoon,D5,Oreochromis niloticus,0
Premonsoon,D5,Duttaphrynus melanostictus,0
Premonsoon,D5,Duttaphrynus scaber,0
Premonsoon,D5,Fejervarya orissaensis,0
Premonsoon,D5,Minervarya agricola,0
Premonsoon,D5,Hoplobatrachus tigerinus,0
Premonsoon,D5,Hoplobatrachus crassus,0
Premonsoon,D5,Netuma thalassina,0
Premonsoon,D5,Prionailurus viverrinus,0
Premonsoon,D5,Macrognathus pancalus,0
Premonsoon,D5,Xenentodon cancila,0
Premonsoon,D5,Channa gachua,0
Premonsoon,D5,Heteropneustes fossilis,0
Premonsoon,D5,Mastacembelus armatus,0
Premonsoon,D5,Notopterus notopterus,0
Premonsoon,D5,Trichogaster lalius,0
Premonsoon,D5,Trichogaster fasciata,0
Premonsoon,D5,Diplonychus annulatus,6
Premonsoon,D5,Diplonychus rusticus,0
Premonsoon,D5,Aquarius adelaides,0
Premonsoon,D5,Limnogonus fossarum,0
Premonsoon,D5,Laccotrephes griseus,0
Premonsoon,D5,Laccotrephes ruber,0
Premonsoon,D5,Ranatra elongata,6
Premonsoon,D5,Ranatra filiformis,6
Premonsoon,D5,Ranatra varipes,12
Premonsoon,D5,Anisops campbelli,0
Premonsoon,D5,Euphlyctis cyanophlyctis,0
Premonsoon,D5,Lissemys punctata,0
Premonsoon,D5,Big fish juveniles,0
Premonsoon,D5,Parambassis baculis,1
Premonsoon,D5,Dendrocygna javanica,0
Premonsoon,D5,Aplocheilus panchax,1
Premonsoon,D5,Badis badis,7
Premonsoon,D5,Puntius vittatus,7
Premonsoon,D5,Rasbora daniconius,1
Premonsoon,D5,Pethia phutunio,7
Premonsoon,D5,Pila globosa,0
Premonsoon,D5,Filopaludina bengalensis,0
Premonsoon,D5,Idiopoma dissimilis,0
Premonsoon,D5,Melanoides tuberculata,0
Premonsoon,D5,Tarebia lineata,0
Premonsoon,D5,Bithynia pulchella,0
Premonsoon,D5,Gabbia orcula,0
Premonsoon,D5,Radix rufescens,0
Premonsoon,D5,Racesina luteola,0
Premonsoon,D5,Herbaceous aquatic plants,0
Premonsoon,D5,Nettapus coromandelianus,0
Premonsoon,D5,Macrobrachium malcolmsonii,9
Premonsoon,D5,Macrobrachium rosenbergii,9
Premonsoon,D5,Macrobrachium rude,0
Premonsoon,D5,Macrobrachium equidens,0
Premonsoon,D5,Hydrovatus confertus,0
Premonsoon,D5,Anas poecilorhyncha,0
Premonsoon,D5,Tachybaptus ruficollis,0
Premonsoon,D5,Gyraulus barrackporensis,0
Premonsoon,D5,Gyraulus convexiusculus,0
Premonsoon,D5,Gyraulus euphraticus,0
Premonsoon,D5,Indoplanorbis exustus,0
Premonsoon,D5,Centropus bengalensis,0
Premonsoon,D5,Minervarya pierrei,0
Premonsoon,D5,Uperodon systoma,0
Premonsoon,D5,Polypedates maculatus,0
Premonsoon,D5,Gallinula chloropus,0
Premonsoon,D5,Porphyrio poliocephalus,0
Premonsoon,D5,Amaurornis phoenicurus,0
Premonsoon,D5,Himantopus himantopus,0
Premonsoon,D5,Vanellus indicus,0
Premonsoon,D5,Metopidius indicus,0
Premonsoon,D5,Hydrophasianus chirurgus,0
Premonsoon,D5,Anastomus oscitans,0
Premonsoon,D5,Mycteria leucocephala,0
Premonsoon,D5,Microcarbo niger,0
Premonsoon,D5,Ardea purpurea,0
Premonsoon,D5,Enhydris enhydris,0
Premonsoon,D5,Fowlea piscator,0
Premonsoon,D5,Ardea alba,0
Premonsoon,D5,Ardea intermedia,0
Premonsoon,D5,Egretta garzetta,0
Premonsoon,D5,Bubulcus ibis,0
Premonsoon,D5,Ardeola grayii,0
Premonsoon,D5,Nycticorax nycticorax,0
Premonsoon,D5,Haliaeetus leucogaster,0
Premonsoon,D5,Bungarus fasciatus,0
Premonsoon,D5,Naja naja,0
Premonsoon,D5,Spilornis cheela,0
Premonsoon,D5,Alcedo atthis,0
Premonsoon,D5,Halcyon smyrnensis,0
Premonsoon,D5,Ceryle rudis,0
Premonsoon,D5,Odonata sp.,0
Premonsoon,D5,Merops orientalis,0
Premonsoon,D5,Coracias benghalensis,0
Premonsoon,D5,Oriolus kundoo,0
Premonsoon,D5,Oriolus xanthornus,0
Premonsoon,D5,Hirundo rustica,0
Premonsoon,D5,Acridotheres ginginianus,0
Premonsoon,D5,Motacilla citreola,0
Premonsoon,D5,Varanus bengalensis,0
Premonsoon,D5,Detritus,0
Premonsoon,D5,Mosquito larvae,0
Premonsoon,D5,Arcella discoides,0
Premonsoon,D5,Centropyxis aculeata,0
Premonsoon,D5,Brachionus calyciflorus,0
Premonsoon,D5,Brachionus forficula,0
Premonsoon,D5,Keratella lenzi,0
Premonsoon,D5,Lecane aculeata,0
Premonsoon,D5,Lecane bulla,0
Premonsoon,D5,Asplanchna brightwelli,0
Premonsoon,D5,Mesocyclops leukarti,0
Premonsoon,D5,Scapholeberis kingi,0
Premonsoon,D5,Macrothrix spinosa,0
Premonsoon,D5,Macrothrix goeldi,0
Premonsoon,D5,Alona pulchella,0
Premonsoon,D5,Coronatella rectangula,0
Premonsoon,D5,Green Algae,0
Premonsoon,D5,Carp sp.,0
Premonsoon,D6,Channa punctata,0
Premonsoon,D6,Felis chaus,0
Premonsoon,D6,Channa striata,0
Premonsoon,D6,Mystus tengara,0
Premonsoon,D6,Mystus vittatus,0
Premonsoon,D6,Glossogobius giuris,0
Premonsoon,D6,Oreochromis niloticus,0
Premonsoon,D6,Duttaphrynus melanostictus,0
Premonsoon,D6,Duttaphrynus scaber,0
Premonsoon,D6,Fejervarya orissaensis,0
Premonsoon,D6,Minervarya agricola,0
Premonsoon,D6,Hoplobatrachus tigerinus,0
Premonsoon,D6,Hoplobatrachus crassus,0
Premonsoon,D6,Netuma thalassina,0
Premonsoon,D6,Prionailurus viverrinus,0
Premonsoon,D6,Macrognathus pancalus,0
Premonsoon,D6,Xenentodon cancila,0
Premonsoon,D6,Channa gachua,0
Premonsoon,D6,Heteropneustes fossilis,0
Premonsoon,D6,Mastacembelus armatus,0
Premonsoon,D6,Notopterus notopterus,0
Premonsoon,D6,Trichogaster lalius,0
Premonsoon,D6,Trichogaster fasciata,1
Premonsoon,D6,Diplonychus annulatus,3
Premonsoon,D6,Diplonychus rusticus,5
Premonsoon,D6,Aquarius adelaides,0
Premonsoon,D6,Limnogonus fossarum,0
Premonsoon,D6,Laccotrephes griseus,0
Premonsoon,D6,Laccotrephes ruber,0
Premonsoon,D6,Ranatra elongata,18
Premonsoon,D6,Ranatra filiformis,18
Premonsoon,D6,Ranatra varipes,15
Premonsoon,D6,Anisops campbelli,0
Premonsoon,D6,Euphlyctis cyanophlyctis,0
Premonsoon,D6,Lissemys punctata,0
Premonsoon,D6,Big fish juveniles,0
Premonsoon,D6,Parambassis baculis,3
Premonsoon,D6,Dendrocygna javanica,0
Premonsoon,D6,Aplocheilus panchax,3
Premonsoon,D6,Badis badis,3
Premonsoon,D6,Puntius vittatus,3
Premonsoon,D6,Rasbora daniconius,3
Premonsoon,D6,Pethia phutunio,3
Premonsoon,D6,Pila globosa,0
Premonsoon,D6,Filopaludina bengalensis,0
Premonsoon,D6,Idiopoma dissimilis,0
Premonsoon,D6,Melanoides tuberculata,0
Premonsoon,D6,Tarebia lineata,0
Premonsoon,D6,Bithynia pulchella,0
Premonsoon,D6,Gabbia orcula,0
Premonsoon,D6,Radix rufescens,0
Premonsoon,D6,Racesina luteola,0
Premonsoon,D6,Herbaceous aquatic plants,0
Premonsoon,D6,Nettapus coromandelianus,0
Premonsoon,D6,Macrobrachium malcolmsonii,0
Premonsoon,D6,Macrobrachium rosenbergii,0
Premonsoon,D6,Macrobrachium rude,0
Premonsoon,D6,Macrobrachium equidens,0
Premonsoon,D6,Hydrovatus confertus,0
Premonsoon,D6,Anas poecilorhyncha,0
Premonsoon,D6,Tachybaptus ruficollis,0
Premonsoon,D6,Gyraulus barrackporensis,0
Premonsoon,D6,Gyraulus convexiusculus,0
Premonsoon,D6,Gyraulus euphraticus,0
Premonsoon,D6,Indoplanorbis exustus,0
Premonsoon,D6,Centropus bengalensis,0
Premonsoon,D6,Minervarya pierrei,0
Premonsoon,D6,Uperodon systoma,0
Premonsoon,D6,Polypedates maculatus,0
Premonsoon,D6,Gallinula chloropus,0
Premonsoon,D6,Porphyrio poliocephalus,0
Premonsoon,D6,Amaurornis phoenicurus,0
Premonsoon,D6,Himantopus himantopus,0
Premonsoon,D6,Vanellus indicus,0
Premonsoon,D6,Metopidius indicus,0
Premonsoon,D6,Hydrophasianus chirurgus,0
Premonsoon,D6,Anastomus oscitans,0
Premonsoon,D6,Mycteria leucocephala,0
Premonsoon,D6,Microcarbo niger,0
Premonsoon,D6,Ardea purpurea,0
Premonsoon,D6,Enhydris enhydris,0
Premonsoon,D6,Fowlea piscator,0
Premonsoon,D6,Ardea alba,0
Premonsoon,D6,Ardea intermedia,0
Premonsoon,D6,Egretta garzetta,0
Premonsoon,D6,Bubulcus ibis,0
Premonsoon,D6,Ardeola grayii,0
Premonsoon,D6,Nycticorax nycticorax,0
Premonsoon,D6,Haliaeetus leucogaster,0
Premonsoon,D6,Bungarus fasciatus,0
Premonsoon,D6,Naja naja,0
Premonsoon,D6,Spilornis cheela,0
Premonsoon,D6,Alcedo atthis,0
Premonsoon,D6,Halcyon smyrnensis,0
Premonsoon,D6,Ceryle rudis,0
Premonsoon,D6,Odonata sp.,0
Premonsoon,D6,Merops orientalis,0
Premonsoon,D6,Coracias benghalensis,0
Premonsoon,D6,Oriolus kundoo,0
Premonsoon,D6,Oriolus xanthornus,0
Premonsoon,D6,Hirundo rustica,0
Premonsoon,D6,Acridotheres ginginianus,0
Premonsoon,D6,Motacilla citreola,0
Premonsoon,D6,Varanus bengalensis,0
Premonsoon,D6,Detritus,0
Premonsoon,D6,Mosquito larvae,0
Premonsoon,D6,Arcella discoides,0
Premonsoon,D6,Centropyxis aculeata,0
Premonsoon,D6,Brachionus calyciflorus,0
Premonsoon,D6,Brachionus forficula,0
Premonsoon,D6,Keratella lenzi,0
Premonsoon,D6,Lecane aculeata,0
Premonsoon,D6,Lecane bulla,0
Premonsoon,D6,Asplanchna brightwelli,0
Premonsoon,D6,Mesocyclops leukarti,0
Premonsoon,D6,Scapholeberis kingi,0
Premonsoon,D6,Macrothrix spinosa,0
Premonsoon,D6,Macrothrix goeldi,0
Premonsoon,D6,Alona pulchella,0
Premonsoon,D6,Coronatella rectangula,0
Premonsoon,D6,Green Algae,0
Premonsoon,D6,Carp sp.,0
Premonsoon,D7,Channa punctata,1
Premonsoon,D7,Felis chaus,0
Premonsoon,D7,Channa striata,1
Premonsoon,D7,Mystus tengara,0
Premonsoon,D7,Mystus vittatus,0
Premonsoon,D7,Glossogobius giuris,0
Premonsoon,D7,Oreochromis niloticus,0
Premonsoon,D7,Duttaphrynus melanostictus,0
Premonsoon,D7,Duttaphrynus scaber,0
Premonsoon,D7,Fejervarya orissaensis,0
Premonsoon,D7,Minervarya agricola,0
Premonsoon,D7,Hoplobatrachus tigerinus,3
Premonsoon,D7,Hoplobatrachus crassus,3
Premonsoon,D7,Netuma thalassina,1
Premonsoon,D7,Prionailurus viverrinus,0
Premonsoon,D7,Macrognathus pancalus,0
Premonsoon,D7,Xenentodon cancila,0
Premonsoon,D7,Channa gachua,0
Premonsoon,D7,Heteropneustes fossilis,0
Premonsoon,D7,Mastacembelus armatus,0
Premonsoon,D7,Notopterus notopterus,0
Premonsoon,D7,Trichogaster lalius,0
Premonsoon,D7,Trichogaster fasciata,6
Premonsoon,D7,Diplonychus annulatus,17
Premonsoon,D7,Diplonychus rusticus,21
Premonsoon,D7,Aquarius adelaides,0
Premonsoon,D7,Limnogonus fossarum,0
Premonsoon,D7,Laccotrephes griseus,0
Premonsoon,D7,Laccotrephes ruber,0
Premonsoon,D7,Ranatra elongata,16
Premonsoon,D7,Ranatra filiformis,16
Premonsoon,D7,Ranatra varipes,11
Premonsoon,D7,Anisops campbelli,0
Premonsoon,D7,Euphlyctis cyanophlyctis,0
Premonsoon,D7,Lissemys punctata,0
Premonsoon,D7,Big fish juveniles,0
Premonsoon,D7,Parambassis baculis,5
Premonsoon,D7,Dendrocygna javanica,0
Premonsoon,D7,Aplocheilus panchax,5
Premonsoon,D7,Badis badis,5
Premonsoon,D7,Puntius vittatus,5
Premonsoon,D7,Rasbora daniconius,5
Premonsoon,D7,Pethia phutunio,5
Premonsoon,D7,Pila globosa,0
Premonsoon,D7,Filopaludina bengalensis,0
Premonsoon,D7,Idiopoma dissimilis,0
Premonsoon,D7,Melanoides tuberculata,0
Premonsoon,D7,Tarebia lineata,0
Premonsoon,D7,Bithynia pulchella,0
Premonsoon,D7,Gabbia orcula,0
Premonsoon,D7,Radix rufescens,0
Premonsoon,D7,Racesina luteola,0
Premonsoon,D7,Herbaceous aquatic plants,0
Premonsoon,D7,Nettapus coromandelianus,0
Premonsoon,D7,Macrobrachium malcolmsonii,0
Premonsoon,D7,Macrobrachium rosenbergii,0
Premonsoon,D7,Macrobrachium rude,0
Premonsoon,D7,Macrobrachium equidens,0
Premonsoon,D7,Hydrovatus confertus,0
Premonsoon,D7,Anas poecilorhyncha,0
Premonsoon,D7,Tachybaptus ruficollis,0
Premonsoon,D7,Gyraulus barrackporensis,0
Premonsoon,D7,Gyraulus convexiusculus,0
Premonsoon,D7,Gyraulus euphraticus,0
Premonsoon,D7,Indoplanorbis exustus,0
Premonsoon,D7,Centropus bengalensis,0
Premonsoon,D7,Minervarya pierrei,0
Premonsoon,D7,Uperodon systoma,0
Premonsoon,D7,Polypedates maculatus,0
Premonsoon,D7,Gallinula chloropus,0
Premonsoon,D7,Porphyrio poliocephalus,0
Premonsoon,D7,Amaurornis phoenicurus,0
Premonsoon,D7,Himantopus himantopus,0
Premonsoon,D7,Vanellus indicus,0
Premonsoon,D7,Metopidius indicus,0
Premonsoon,D7,Hydrophasianus chirurgus,0
Premonsoon,D7,Anastomus oscitans,0
Premonsoon,D7,Mycteria leucocephala,0
Premonsoon,D7,Microcarbo niger,0
Premonsoon,D7,Ardea purpurea,0
Premonsoon,D7,Enhydris enhydris,0
Premonsoon,D7,Fowlea piscator,3
Premonsoon,D7,Ardea alba,0
Premonsoon,D7,Ardea intermedia,0
Premonsoon,D7,Egretta garzetta,0
Premonsoon,D7,Bubulcus ibis,0
Premonsoon,D7,Ardeola grayii,0
Premonsoon,D7,Nycticorax nycticorax,0
Premonsoon,D7,Haliaeetus leucogaster,0
Premonsoon,D7,Bungarus fasciatus,3
Premonsoon,D7,Naja naja,0
Premonsoon,D7,Spilornis cheela,0
Premonsoon,D7,Alcedo atthis,0
Premonsoon,D7,Halcyon smyrnensis,0
Premonsoon,D7,Ceryle rudis,0
Premonsoon,D7,Odonata sp.,0
Premonsoon,D7,Merops orientalis,0
Premonsoon,D7,Coracias benghalensis,0
Premonsoon,D7,Oriolus kundoo,0
Premonsoon,D7,Oriolus xanthornus,0
Premonsoon,D7,Hirundo rustica,0
Premonsoon,D7,Acridotheres ginginianus,0
Premonsoon,D7,Motacilla citreola,0
Premonsoon,D7,Varanus bengalensis,0
Premonsoon,D7,Detritus,0
Premonsoon,D7,Mosquito larvae,0
Premonsoon,D7,Arcella discoides,0
Premonsoon,D7,Centropyxis aculeata,0
Premonsoon,D7,Brachionus calyciflorus,0
Premonsoon,D7,Brachionus forficula,0
Premonsoon,D7,Keratella lenzi,0
Premonsoon,D7,Lecane aculeata,0
Premonsoon,D7,Lecane bulla,0
Premonsoon,D7,Asplanchna brightwelli,0
Premonsoon,D7,Mesocyclops leukarti,0
Premonsoon,D7,Scapholeberis kingi,0
Premonsoon,D7,Macrothrix spinosa,0
Premonsoon,D7,Macrothrix goeldi,0
Premonsoon,D7,Alona pulchella,0
Premonsoon,D7,Coronatella rectangula,0
Premonsoon,D7,Green Algae,0
Premonsoon,D7,Carp sp.,0
Premonsoon,D8,Channa punctata,0
Premonsoon,D8,Felis chaus,0
Premonsoon,D8,Channa striata,0
Premonsoon,D8,Mystus tengara,0
Premonsoon,D8,Mystus vittatus,0
Premonsoon,D8,Glossogobius giuris,0
Premonsoon,D8,Oreochromis niloticus,0
Premonsoon,D8,Duttaphrynus melanostictus,0
Premonsoon,D8,Duttaphrynus scaber,0
Premonsoon,D8,Fejervarya orissaensis,0
Premonsoon,D8,Minervarya agricola,0
Premonsoon,D8,Hoplobatrachus tigerinus,0
Premonsoon,D8,Hoplobatrachus crassus,0
Premonsoon,D8,Netuma thalassina,0
Premonsoon,D8,Prionailurus viverrinus,0
Premonsoon,D8,Macrognathus pancalus,0
Premonsoon,D8,Xenentodon cancila,0
Premonsoon,D8,Channa gachua,0
Premonsoon,D8,Heteropneustes fossilis,0
Premonsoon,D8,Mastacembelus armatus,0
Premonsoon,D8,Notopterus notopterus,0
Premonsoon,D8,Trichogaster lalius,0
Premonsoon,D8,Trichogaster fasciata,12
Premonsoon,D8,Diplonychus annulatus,0
Premonsoon,D8,Diplonychus rusticus,0
Premonsoon,D8,Aquarius adelaides,0
Premonsoon,D8,Limnogonus fossarum,0
Premonsoon,D8,Laccotrephes griseus,0
Premonsoon,D8,Laccotrephes ruber,0
Premonsoon,D8,Ranatra elongata,21
Premonsoon,D8,Ranatra filiformis,21
Premonsoon,D8,Ranatra varipes,15
Premonsoon,D8,Anisops campbelli,0
Premonsoon,D8,Euphlyctis cyanophlyctis,0
Premonsoon,D8,Lissemys punctata,0
Premonsoon,D8,Big fish juveniles,0
Premonsoon,D8,Parambassis baculis,17
Premonsoon,D8,Dendrocygna javanica,0
Premonsoon,D8,Aplocheilus panchax,17
Premonsoon,D8,Badis badis,17
Premonsoon,D8,Puntius vittatus,17
Premonsoon,D8,Rasbora daniconius,17
Premonsoon,D8,Pethia phutunio,17
Premonsoon,D8,Pila globosa,0
Premonsoon,D8,Filopaludina bengalensis,0
Premonsoon,D8,Idiopoma dissimilis,0
Premonsoon,D8,Melanoides tuberculata,0
Premonsoon,D8,Tarebia lineata,0
Premonsoon,D8,Bithynia pulchella,0
Premonsoon,D8,Gabbia orcula,0
Premonsoon,D8,Radix rufescens,0
Premonsoon,D8,Racesina luteola,0
Premonsoon,D8,Herbaceous aquatic plants,0
Premonsoon,D8,Nettapus coromandelianus,0
Premonsoon,D8,Macrobrachium malcolmsonii,0
Premonsoon,D8,Macrobrachium rosenbergii,0
Premonsoon,D8,Macrobrachium rude,0
Premonsoon,D8,Macrobrachium equidens,0
Premonsoon,D8,Hydrovatus confertus,0
Premonsoon,D8,Anas poecilorhyncha,0
Premonsoon,D8,Tachybaptus ruficollis,0
Premonsoon,D8,Gyraulus barrackporensis,0
Premonsoon,D8,Gyraulus convexiusculus,0
Premonsoon,D8,Gyraulus euphraticus,0
Premonsoon,D8,Indoplanorbis exustus,0
Premonsoon,D8,Centropus bengalensis,0
Premonsoon,D8,Minervarya pierrei,0
Premonsoon,D8,Uperodon systoma,0
Premonsoon,D8,Polypedates maculatus,0
Premonsoon,D8,Gallinula chloropus,0
Premonsoon,D8,Porphyrio poliocephalus,0
Premonsoon,D8,Amaurornis phoenicurus,0
Premonsoon,D8,Himantopus himantopus,0
Premonsoon,D8,Vanellus indicus,0
Premonsoon,D8,Metopidius indicus,0
Premonsoon,D8,Hydrophasianus chirurgus,0
Premonsoon,D8,Anastomus oscitans,0
Premonsoon,D8,Mycteria leucocephala,0
Premonsoon,D8,Microcarbo niger,0
Premonsoon,D8,Ardea purpurea,0
Premonsoon,D8,Enhydris enhydris,0
Premonsoon,D8,Fowlea piscator,0
Premonsoon,D8,Ardea alba,0
Premonsoon,D8,Ardea intermedia,0
Premonsoon,D8,Egretta garzetta,0
Premonsoon,D8,Bubulcus ibis,0
Premonsoon,D8,Ardeola grayii,0
Premonsoon,D8,Nycticorax nycticorax,0
Premonsoon,D8,Haliaeetus leucogaster,0
Premonsoon,D8,Bungarus fasciatus,0
Premonsoon,D8,Naja naja,0
Premonsoon,D8,Spilornis cheela,0
Premonsoon,D8,Alcedo atthis,0
Premonsoon,D8,Halcyon smyrnensis,0
Premonsoon,D8,Ceryle rudis,0
Premonsoon,D8,Odonata sp.,0
Premonsoon,D8,Merops orientalis,0
Premonsoon,D8,Coracias benghalensis,0
Premonsoon,D8,Oriolus kundoo,0
Premonsoon,D8,Oriolus xanthornus,0
Premonsoon,D8,Hirundo rustica,0
Premonsoon,D8,Acridotheres ginginianus,0
Premonsoon,D8,Motacilla citreola,0
Premonsoon,D8,Varanus bengalensis,0
Premonsoon,D8,Detritus,0
Premonsoon,D8,Mosquito larvae,0
Premonsoon,D8,Arcella discoides,0
Premonsoon,D8,Centropyxis aculeata,0
Premonsoon,D8,Brachionus calyciflorus,0
Premonsoon,D8,Brachionus forficula,0
Premonsoon,D8,Keratella lenzi,0
Premonsoon,D8,Lecane aculeata,0
Premonsoon,D8,Lecane bulla,0
Premonsoon,D8,Asplanchna brightwelli,0
Premonsoon,D8,Mesocyclops leukarti,0
Premonsoon,D8,Scapholeberis kingi,0
Premonsoon,D8,Macrothrix spinosa,0
Premonsoon,D8,Macrothrix goeldi,0
Premonsoon,D8,Alona pulchella,0
Premonsoon,D8,Coronatella rectangula,0
Premonsoon,D8,Green Algae,0
Premonsoon,D8,Carp sp.,0
Postmonsoon,S1,Channa punctata,345
Postmonsoon,S1,Felis chaus,246
Postmonsoon,S1,Channa striata,345
Postmonsoon,S1,Mystus tengara,140
Postmonsoon,S1,Mystus vittatus,133
Postmonsoon,S1,Glossogobius giuris,274
Postmonsoon,S1,Oreochromis niloticus,208
Postmonsoon,S1,Duttaphrynus melanostictus,348
Postmonsoon,S1,Minervarya agricola,434
Postmonsoon,S1,Hoplobatrachus tigerinus,179
Postmonsoon,S1,Netuma thalassina,452
Postmonsoon,S1,Prionailurus viverrinus,399
Postmonsoon,S1,Macrognathus pancalus,260
Postmonsoon,S1,Xenentodon cancila,97
Postmonsoon,S1,Channa gachua,260
Postmonsoon,S1,Heteropneustes fossilis,178
Postmonsoon,S1,Mastacembelus armatus,206
Postmonsoon,S1,Notopterus notopterus,306
Postmonsoon,S1,Trichogaster lalius,725
Postmonsoon,S1,Trichogaster fasciata,732
Postmonsoon,S1,Diplonychus annulatus,258
Postmonsoon,S1,Diplonychus rusticus,255
Postmonsoon,S1,Aquarius adelaides,249
Postmonsoon,S1,Limnogonus fossarum,249
Postmonsoon,S1,Laccotrephes griseus,249
Postmonsoon,S1,Laccotrephes ruber,249
Postmonsoon,S1,Ranatra elongata,271
Postmonsoon,S1,Ranatra filiformis,334
Postmonsoon,S1,Ranatra varipes,352
Postmonsoon,S1,Anisops campbelli,537
Postmonsoon,S1,Euphlyctis cyanophlyctis,122
Postmonsoon,S1,Lissemys punctata,145
Postmonsoon,S1,Big fish juveniles,796
Postmonsoon,S1,Parambassis baculis,159
Postmonsoon,S1,Dendrocygna javanica,425
Postmonsoon,S1,Aplocheilus panchax,128
Postmonsoon,S1,Badis badis,724
Postmonsoon,S1,Puntius vittatus,230
Postmonsoon,S1,Rasbora daniconius,379
Postmonsoon,S1,Pethia phutunio,724
Postmonsoon,S1,Pila globosa,118
Postmonsoon,S1,Filopaludina bengalensis,118
Postmonsoon,S1,Idiopoma dissimilis,1
Postmonsoon,S1,Melanoides tuberculata,118
Postmonsoon,S1,Tarebia lineata,118
Postmonsoon,S1,Bithynia pulchella,118
Postmonsoon,S1,Gabbia orcula,118
Postmonsoon,S1,Radix rufescens,118
Postmonsoon,S1,Racesina luteola,118
Postmonsoon,S1,Herbaceous aquatic plants,381
Postmonsoon,S1,Tadorna ferruginea,56
Postmonsoon,S1,Green Algae,350
Postmonsoon,S1,Gyraulus barrackporensis,124
Postmonsoon,S1,Gyraulus convexiusculus,124
Postmonsoon,S1,Gyraulus euphraticus,124
Postmonsoon,S1,Indoplanorbis exustus,118
Postmonsoon,S1,Macrobrachium malcolmsonii,203
Postmonsoon,S1,Macrobrachium rosenbergii,203
Postmonsoon,S1,Macrobrachium rude,480
Postmonsoon,S1,Macrobrachium equidens,257
Postmonsoon,S1,Hydrovatus confertus,262
Postmonsoon,S1,Nettapus coromandelianus,45
Postmonsoon,S1,Spatula querquedula,35
Postmonsoon,S1,Anas poecilorhyncha,23
Postmonsoon,S1,Anas acuta,35
Postmonsoon,S1,Netta rufina,23
Postmonsoon,S1,Tachybaptus ruficollis,148
Postmonsoon,S1,Tadploes,223
Postmonsoon,S1,Centropus bengalensis,48
Postmonsoon,S1,Microhyla mymensinghensis,135
Postmonsoon,S1,Polypedates maculatus,123
Postmonsoon,S1,Gallinula chloropus,48
Postmonsoon,S1,Fulica atra,35
Postmonsoon,S1,Porphyrio poliocephalus,35
Postmonsoon,S1,Amaurornis phoenicurus,124
Postmonsoon,S1,Himantopus himantopus,47
Postmonsoon,S1,Pluvialis fulva,47
Postmonsoon,S1,Charadrius dubius,23
Postmonsoon,S1,Vanellus malabaricus,47
Postmonsoon,S1,Vanellus indicus,47
Postmonsoon,S1,Metopidius indicus,35
Postmonsoon,S1,Hydrophasianus chirurgus,35
Postmonsoon,S1,Numenius arquata,47
Postmonsoon,S1,Calidris minuta,69
Postmonsoon,S1,Xenus cinereus,69
Postmonsoon,S1,Tringa ochropus,69
Postmonsoon,S1,Tringa nebularia,69
Postmonsoon,S1,Tringa stagnatilis,69
Postmonsoon,S1,Tringa glareola,210
Postmonsoon,S1,Tringa tetanus,47
Postmonsoon,S1,Chroicocephalus brunnicephalus,124
Postmonsoon,S1,Sternula albifrons,186
Postmonsoon,S1,Chlidonias hybrida,124
Postmonsoon,S1,Sterna aurantia,124
Postmonsoon,S1,Anastomus oscitans,214
Postmonsoon,S1,Mycteria leucocephala,361
Postmonsoon,S1,Anhinga melanogaster,154
Postmonsoon,S1,Microcarbo niger,280
Postmonsoon,S1,Phalacrocorax fuscicollis,154
Postmonsoon,S1,Ardea cinerea,252
Postmonsoon,S1,Ardea purpurea,138
Postmonsoon,S1,Enhydris enhydris,251
Postmonsoon,S1,Fowlea piscator,219
Postmonsoon,S1,Ardea alba,139
Postmonsoon,S1,Ardea intermedia,139
Postmonsoon,S1,Egretta garzetta,149
Postmonsoon,S1,Bubulcus ibis,114
Postmonsoon,S1,Ardeola grayii,149
Postmonsoon,S1,Nycticorax nycticorax,139
Postmonsoon,S1,Plegadis falcinellus,244
Postmonsoon,S1,Threskiornis melanocephalus,123
Postmonsoon,S1,Haliaeetus leucogaster,491
Postmonsoon,S1,Naja naja,91
Postmonsoon,S1,Spilornis cheela,28
Postmonsoon,S1,Circus aeruginosus,181
Postmonsoon,S1,Carp sp.,17
Postmonsoon,S1,Alcedo atthis,126
Postmonsoon,S1,Halcyon smyrnensis,126
Postmonsoon,S1,Ceryle rudis,126
Postmonsoon,S1,Odonata sp.,173
Postmonsoon,S1,Merops orientalis,15
Postmonsoon,S1,Merops philippinus,15
Postmonsoon,S1,Coracias benghalensis,123
Postmonsoon,S1,Oriolus kundoo,15
Postmonsoon,S1,Oriolus xanthornus,15
Postmonsoon,S1,Dicrurus caerulescens,15
Postmonsoon,S1,Hirundo rustica,23
Postmonsoon,S1,Acridotheres ginginianus,91
Postmonsoon,S1,Motacilla citreola,23
Postmonsoon,S1,Motacilla tschutschensis,23
Postmonsoon,S1,Motacilla alba,38
Postmonsoon,S1,Varanus bengalensis,100
Postmonsoon,S1,Detritus,662
Postmonsoon,S1,Mosquito larvae,679
Postmonsoon,S1,Arcella discoides,283
Postmonsoon,S1,Centropyxis aculeata,283
Postmonsoon,S1,Brachionus calyciflorus,381
Postmonsoon,S1,Brachionus forficula,381
Postmonsoon,S1,Keratella lenzi,381
Postmonsoon,S1,Lecane aculeata,381
Postmonsoon,S1,Lecane bulla,381
Postmonsoon,S1,Asplanchna brightwelli,283
Postmonsoon,S1,Mesocyclops leukarti,318
Postmonsoon,S1,Scapholeberis kingi,318
Postmonsoon,S1,Macrothrix spinosa,283
Postmonsoon,S1,Macrothrix goeldi,283
Postmonsoon,S1,Alona pulchella,283
Postmonsoon,S1,Coronatella rectangula,283
Postmonsoon,S2,Channa punctata,575
Postmonsoon,S2,Felis chaus,11
Postmonsoon,S2,Channa striata,575
Postmonsoon,S2,Mystus tengara,18
Postmonsoon,S2,Mystus vittatus,34
Postmonsoon,S2,Glossogobius giuris,362
Postmonsoon,S2,Oreochromis niloticus,130
Postmonsoon,S2,Duttaphrynus melanostictus,269
Postmonsoon,S2,Minervarya agricola,333
Postmonsoon,S2,Hoplobatrachus tigerinus,351
Postmonsoon,S2,Netuma thalassina,240
Postmonsoon,S2,Prionailurus viverrinus,236
Postmonsoon,S2,Macrognathus pancalus,380
Postmonsoon,S2,Xenentodon cancila,139
Postmonsoon,S2,Channa gachua,490
Postmonsoon,S2,Heteropneustes fossilis,58
Postmonsoon,S2,Mastacembelus armatus,280
Postmonsoon,S2,Notopterus notopterus,432
Postmonsoon,S2,Trichogaster lalius,190
Postmonsoon,S2,Trichogaster fasciata,381
Postmonsoon,S2,Diplonychus annulatus,879
Postmonsoon,S2,Diplonychus rusticus,806
Postmonsoon,S2,Aquarius adelaides,716
Postmonsoon,S2,Limnogonus fossarum,716
Postmonsoon,S2,Laccotrephes griseus,716
Postmonsoon,S2,Laccotrephes ruber,716
Postmonsoon,S2,Ranatra elongata,633
Postmonsoon,S2,Ranatra filiformis,637
Postmonsoon,S2,Ranatra varipes,743
Postmonsoon,S2,Anisops campbelli,739
Postmonsoon,S2,Euphlyctis cyanophlyctis,224
Postmonsoon,S2,Lissemys punctata,271
Postmonsoon,S2,Big fish juveniles,203
Postmonsoon,S2,Parambassis baculis,265
Postmonsoon,S2,Dendrocygna javanica,176
Postmonsoon,S2,Aplocheilus panchax,274
Postmonsoon,S2,Badis badis,414
Postmonsoon,S2,Puntius vittatus,362
Postmonsoon,S2,Rasbora daniconius,308
Postmonsoon,S2,Pethia phutunio,414
Postmonsoon,S2,Pila globosa,59
Postmonsoon,S2,Filopaludina bengalensis,59
Postmonsoon,S2,Idiopoma dissimilis,1
Postmonsoon,S2,Melanoides tuberculata,59
Postmonsoon,S2,Tarebia lineata,59
Postmonsoon,S2,Bithynia pulchella,59
Postmonsoon,S2,Gabbia orcula,59
Postmonsoon,S2,Radix rufescens,59
Postmonsoon,S2,Racesina luteola,59
Postmonsoon,S2,Herbaceous aquatic plants,211
Postmonsoon,S2,Tadorna ferruginea,66
Postmonsoon,S2,Green Algae,123
Postmonsoon,S2,Gyraulus barrackporensis,51
Postmonsoon,S2,Gyraulus convexiusculus,51
Postmonsoon,S2,Gyraulus euphraticus,51
Postmonsoon,S2,Indoplanorbis exustus,46
Postmonsoon,S2,Macrobrachium malcolmsonii,386
Postmonsoon,S2,Macrobrachium rosenbergii,386
Postmonsoon,S2,Macrobrachium rude,138
Postmonsoon,S2,Macrobrachium equidens,112
Postmonsoon,S2,Hydrovatus confertus,700
Postmonsoon,S2,Nettapus coromandelianus,53
Postmonsoon,S2,Spatula querquedula,43
Postmonsoon,S2,Anas poecilorhyncha,31
Postmonsoon,S2,Anas acuta,43
Postmonsoon,S2,Netta rufina,31
Postmonsoon,S2,Tachybaptus ruficollis,131
Postmonsoon,S2,Tadploes,27
Postmonsoon,S2,Centropus bengalensis,126
Postmonsoon,S2,Microhyla mymensinghensis,244
Postmonsoon,S2,Polypedates maculatus,243
Postmonsoon,S2,Gallinula chloropus,102
Postmonsoon,S2,Fulica atra,43
Postmonsoon,S2,Porphyrio poliocephalus,43
Postmonsoon,S2,Amaurornis phoenicurus,108
Postmonsoon,S2,Himantopus himantopus,31
Postmonsoon,S2,Pluvialis fulva,31
Postmonsoon,S2,Charadrius dubius,31
Postmonsoon,S2,Vanellus malabaricus,31
Postmonsoon,S2,Vanellus indicus,31
Postmonsoon,S2,Metopidius indicus,43
Postmonsoon,S2,Hydrophasianus chirurgus,43
Postmonsoon,S2,Numenius arquata,31
Postmonsoon,S2,Calidris minuta,53
Postmonsoon,S2,Xenus cinereus,53
Postmonsoon,S2,Tringa ochropus,53
Postmonsoon,S2,Tringa nebularia,56
Postmonsoon,S2,Tringa stagnatilis,53
Postmonsoon,S2,Tringa glareola,12
Postmonsoon,S2,Tringa tetanus,31
Postmonsoon,S2,Chroicocephalus brunnicephalus,128
Postmonsoon,S2,Sternula albifrons,12
Postmonsoon,S2,Chlidonias hybrida,131
Postmonsoon,S2,Sterna aurantia,131
Postmonsoon,S2,Anastomus oscitans,12
Postmonsoon,S2,Mycteria leucocephala,375
Postmonsoon,S2,Anhinga melanogaster,0
Postmonsoon,S2,Microcarbo niger,17
Postmonsoon,S2,Phalacrocorax fuscicollis,0
Postmonsoon,S2,Ardea cinerea,549
Postmonsoon,S2,Ardea purpurea,189
Postmonsoon,S2,Enhydris enhydris,42
Postmonsoon,S2,Fowlea piscator,35
Postmonsoon,S2,Ardea alba,165
Postmonsoon,S2,Ardea intermedia,165
Postmonsoon,S2,Egretta garzetta,199
Postmonsoon,S2,Bubulcus ibis,94
Postmonsoon,S2,Ardeola grayii,202
Postmonsoon,S2,Nycticorax nycticorax,165
Postmonsoon,S2,Plegadis falcinellus,53
Postmonsoon,S2,Threskiornis melanocephalus,156
Postmonsoon,S2,Haliaeetus leucogaster,120
Postmonsoon,S2,Naja naja,4
Postmonsoon,S2,Spilornis cheela,0
Postmonsoon,S2,Circus aeruginosus,5
Postmonsoon,S2,Carp sp.,14
Postmonsoon,S2,Alcedo atthis,130
Postmonsoon,S2,Halcyon smyrnensis,130
Postmonsoon,S2,Ceryle rudis,130
Postmonsoon,S2,Odonata sp.,2
Postmonsoon,S2,Merops orientalis,0
Postmonsoon,S2,Merops philippinus,0
Postmonsoon,S2,Coracias benghalensis,11
Postmonsoon,S2,Oriolus kundoo,0
Postmonsoon,S2,Oriolus xanthornus,0
Postmonsoon,S2,Dicrurus caerulescens,0
Postmonsoon,S2,Hirundo rustica,31
Postmonsoon,S2,Acridotheres ginginianus,5
Postmonsoon,S2,Motacilla citreola,31
Postmonsoon,S2,Motacilla tschutschensis,31
Postmonsoon,S2,Motacilla alba,31
Postmonsoon,S2,Varanus bengalensis,7
Postmonsoon,S2,Detritus,107
Postmonsoon,S2,Mosquito larvae,40
Postmonsoon,S2,Arcella discoides,20
Postmonsoon,S2,Centropyxis aculeata,20
Postmonsoon,S2,Brachionus calyciflorus,31
Postmonsoon,S2,Brachionus forficula,31
Postmonsoon,S2,Keratella lenzi,31
Postmonsoon,S2,Lecane aculeata,31
Postmonsoon,S2,Lecane bulla,31
Postmonsoon,S2,Asplanchna brightwelli,20
Postmonsoon,S2,Mesocyclops leukarti,24
Postmonsoon,S2,Scapholeberis kingi,24
Postmonsoon,S2,Macrothrix spinosa,20
Postmonsoon,S2,Macrothrix goeldi,20
Postmonsoon,S2,Alona pulchella,20
Postmonsoon,S2,Coronatella rectangula,20
Postmonsoon,S4,Channa punctata,801
Postmonsoon,S4,Felis chaus,25
Postmonsoon,S4,Channa striata,801
Postmonsoon,S4,Mystus tengara,389
Postmonsoon,S4,Mystus vittatus,387
Postmonsoon,S4,Glossogobius giuris,628
Postmonsoon,S4,Oreochromis niloticus,555
Postmonsoon,S4,Duttaphrynus melanostictus,492
Postmonsoon,S4,Minervarya agricola,548
Postmonsoon,S4,Hoplobatrachus tigerinus,308
Postmonsoon,S4,Netuma thalassina,522
Postmonsoon,S4,Prionailurus viverrinus,186
Postmonsoon,S4,Macrognathus pancalus,980
Postmonsoon,S4,Xenentodon cancila,265
Postmonsoon,S4,Channa gachua,779
Postmonsoon,S4,Heteropneustes fossilis,440
Postmonsoon,S4,Mastacembelus armatus,283
Postmonsoon,S4,Notopterus notopterus,1034
Postmonsoon,S4,Trichogaster lalius,1057
Postmonsoon,S4,Trichogaster fasciata,971
Postmonsoon,S4,Diplonychus annulatus,661
Postmonsoon,S4,Diplonychus rusticus,661
Postmonsoon,S4,Aquarius adelaides,1037
Postmonsoon,S4,Limnogonus fossarum,1037
Postmonsoon,S4,Laccotrephes griseus,1037
Postmonsoon,S4,Laccotrephes ruber,1037
Postmonsoon,S4,Ranatra elongata,561
Postmonsoon,S4,Ranatra filiformis,566
Postmonsoon,S4,Ranatra varipes,582
Postmonsoon,S4,Anisops campbelli,1024
Postmonsoon,S4,Euphlyctis cyanophlyctis,376
Postmonsoon,S4,Lissemys punctata,675
Postmonsoon,S4,Big fish juveniles,1075
Postmonsoon,S4,Parambassis baculis,734
Postmonsoon,S4,Dendrocygna javanica,318
Postmonsoon,S4,Aplocheilus panchax,762
Postmonsoon,S4,Badis badis,919
Postmonsoon,S4,Puntius vittatus,712
Postmonsoon,S4,Rasbora daniconius,805
Postmonsoon,S4,Pethia phutunio,919
Postmonsoon,S4,Pila globosa,1056
Postmonsoon,S4,Filopaludina bengalensis,1056
Postmonsoon,S4,Idiopoma dissimilis,31
Postmonsoon,S4,Melanoides tuberculata,1056
Postmonsoon,S4,Tarebia lineata,1056
Postmonsoon,S4,Bithynia pulchella,1056
Postmonsoon,S4,Gabbia orcula,1056
Postmonsoon,S4,Radix rufescens,1056
Postmonsoon,S4,Racesina luteola,1056
Postmonsoon,S4,Herbaceous aquatic plants,447
Postmonsoon,S4,Tadorna ferruginea,331
Postmonsoon,S4,Green Algae,229
Postmonsoon,S4,Gyraulus barrackporensis,1033
Postmonsoon,S4,Gyraulus convexiusculus,1033
Postmonsoon,S4,Gyraulus euphraticus,1033
Postmonsoon,S4,Indoplanorbis exustus,990
Postmonsoon,S4,Macrobrachium malcolmsonii,540
Postmonsoon,S4,Macrobrachium rosenbergii,540
Postmonsoon,S4,Macrobrachium rude,822
Postmonsoon,S4,Macrobrachium equidens,772
Postmonsoon,S4,Hydrovatus confertus,1024
Postmonsoon,S4,Nettapus coromandelianus,58
Postmonsoon,S4,Spatula querquedula,224
Postmonsoon,S4,Anas poecilorhyncha,26
Postmonsoon,S4,Anas acuta,224
Postmonsoon,S4,Netta rufina,38
Postmonsoon,S4,Tachybaptus ruficollis,506
Postmonsoon,S4,Tadploes,308
Postmonsoon,S4,Centropus bengalensis,271
Postmonsoon,S4,Microhyla mymensinghensis,421
Postmonsoon,S4,Polypedates maculatus,418
Postmonsoon,S4,Gallinula chloropus,42
Postmonsoon,S4,Fulica atra,224
Postmonsoon,S4,Porphyrio poliocephalus,224
Postmonsoon,S4,Amaurornis phoenicurus,391
Postmonsoon,S4,Himantopus himantopus,213
Postmonsoon,S4,Pluvialis fulva,213
Postmonsoon,S4,Charadrius dubius,15
Postmonsoon,S4,Vanellus malabaricus,213
Postmonsoon,S4,Vanellus indicus,213
Postmonsoon,S4,Metopidius indicus,224
Postmonsoon,S4,Hydrophasianus chirurgus,224
Postmonsoon,S4,Numenius arquata,213
Postmonsoon,S4,Calidris minuta,289
Postmonsoon,S4,Xenus cinereus,289
Postmonsoon,S4,Tringa ochropus,289
Postmonsoon,S4,Tringa nebularia,313
Postmonsoon,S4,Tringa stagnatilis,289
Postmonsoon,S4,Tringa glareola,288
Postmonsoon,S4,Tringa tetanus,213
Postmonsoon,S4,Chroicocephalus brunnicephalus,119
Postmonsoon,S4,Sternula albifrons,66
Postmonsoon,S4,Chlidonias hybrida,140
Postmonsoon,S4,Sterna aurantia,140
Postmonsoon,S4,Anastomus oscitans,288
Postmonsoon,S4,Mycteria leucocephala,374
Postmonsoon,S4,Anhinga melanogaster,36
Postmonsoon,S4,Microcarbo niger,173
Postmonsoon,S4,Phalacrocorax fuscicollis,36
Postmonsoon,S4,Ardea cinerea,905
Postmonsoon,S4,Ardea purpurea,159
Postmonsoon,S4,Enhydris enhydris,129
Postmonsoon,S4,Fowlea piscator,111
Postmonsoon,S4,Ardea alba,131
Postmonsoon,S4,Ardea intermedia,131
Postmonsoon,S4,Egretta garzetta,207
Postmonsoon,S4,Bubulcus ibis,67
Postmonsoon,S4,Ardeola grayii,234
Postmonsoon,S4,Nycticorax nycticorax,131
Postmonsoon,S4,Plegadis falcinellus,352
Postmonsoon,S4,Threskiornis melanocephalus,447
Postmonsoon,S4,Haliaeetus leucogaster,178
Postmonsoon,S4,Naja naja,32
Postmonsoon,S4,Spilornis cheela,3
Postmonsoon,S4,Circus aeruginosus,31
Postmonsoon,S4,Carp sp.,130
Postmonsoon,S4,Alcedo atthis,117
Postmonsoon,S4,Halcyon smyrnensis,117
Postmonsoon,S4,Ceryle rudis,117
Postmonsoon,S4,Odonata sp.,136
Postmonsoon,S4,Merops orientalis,0
Postmonsoon,S4,Merops philippinus,0
Postmonsoon,S4,Coracias benghalensis,24
Postmonsoon,S4,Oriolus kundoo,0
Postmonsoon,S4,Oriolus xanthornus,0
Postmonsoon,S4,Dicrurus caerulescens,0
Postmonsoon,S4,Hirundo rustica,15
Postmonsoon,S4,Acridotheres ginginianus,10
Postmonsoon,S4,Motacilla citreola,15
Postmonsoon,S4,Motacilla tschutschensis,15
Postmonsoon,S4,Motacilla alba,26
Postmonsoon,S4,Varanus bengalensis,13
Postmonsoon,S4,Detritus,280
Postmonsoon,S4,Mosquito larvae,39
Postmonsoon,S4,Arcella discoides,295
Postmonsoon,S4,Centropyxis aculeata,295
Postmonsoon,S4,Brachionus calyciflorus,293
Postmonsoon,S4,Brachionus forficula,293
Postmonsoon,S4,Keratella lenzi,293
Postmonsoon,S4,Lecane aculeata,293
Postmonsoon,S4,Lecane bulla,293
Postmonsoon,S4,Asplanchna brightwelli,295
Postmonsoon,S4,Mesocyclops leukarti,305
Postmonsoon,S4,Scapholeberis kingi,305
Postmonsoon,S4,Macrothrix spinosa,295
Postmonsoon,S4,Macrothrix goeldi,295
Postmonsoon,S4,Alona pulchella,295
Postmonsoon,S4,Coronatella rectangula,295
Postmonsoon,S5,Channa punctata,1255
Postmonsoon,S5,Felis chaus,101
Postmonsoon,S5,Channa striata,1255
Postmonsoon,S5,Mystus tengara,210
Postmonsoon,S5,Mystus vittatus,223
Postmonsoon,S5,Glossogobius giuris,1412
Postmonsoon,S5,Oreochromis niloticus,983
Postmonsoon,S5,Duttaphrynus melanostictus,1180
Postmonsoon,S5,Minervarya agricola,1262
Postmonsoon,S5,Hoplobatrachus tigerinus,793
Postmonsoon,S5,Netuma thalassina,659
Postmonsoon,S5,Prionailurus viverrinus,754
Postmonsoon,S5,Macrognathus pancalus,1435
Postmonsoon,S5,Xenentodon cancila,794
Postmonsoon,S5,Channa gachua,1444
Postmonsoon,S5,Heteropneustes fossilis,343
Postmonsoon,S5,Mastacembelus armatus,1001
Postmonsoon,S5,Notopterus notopterus,1428
Postmonsoon,S5,Trichogaster lalius,889
Postmonsoon,S5,Trichogaster fasciata,1231
Postmonsoon,S5,Diplonychus annulatus,2188
Postmonsoon,S5,Diplonychus rusticus,2188
Postmonsoon,S5,Aquarius adelaides,2191
Postmonsoon,S5,Limnogonus fossarum,2191
Postmonsoon,S5,Laccotrephes griseus,2191
Postmonsoon,S5,Laccotrephes ruber,2191
Postmonsoon,S5,Ranatra elongata,1926
Postmonsoon,S5,Ranatra filiformis,1926
Postmonsoon,S5,Ranatra varipes,1965
Postmonsoon,S5,Anisops campbelli,2233
Postmonsoon,S5,Euphlyctis cyanophlyctis,819
Postmonsoon,S5,Lissemys punctata,1608
Postmonsoon,S5,Big fish juveniles,941
Postmonsoon,S5,Parambassis baculis,986
Postmonsoon,S5,Dendrocygna javanica,580
Postmonsoon,S5,Aplocheilus panchax,1006
Postmonsoon,S5,Badis badis,1176
Postmonsoon,S5,Puntius vittatus,1034
Postmonsoon,S5,Rasbora daniconius,1109
Postmonsoon,S5,Pethia phutunio,1176
Postmonsoon,S5,Pila globosa,670
Postmonsoon,S5,Filopaludina bengalensis,670
Postmonsoon,S5,Idiopoma dissimilis,64
Postmonsoon,S5,Melanoides tuberculata,670
Postmonsoon,S5,Tarebia lineata,670
Postmonsoon,S5,Bithynia pulchella,670
Postmonsoon,S5,Gabbia orcula,670
Postmonsoon,S5,Radix rufescens,670
Postmonsoon,S5,Racesina luteola,670
Postmonsoon,S5,Herbaceous aquatic plants,492
Postmonsoon,S5,Tadorna ferruginea,1334
Postmonsoon,S5,Green Algae,312
Postmonsoon,S5,Gyraulus barrackporensis,642
Postmonsoon,S5,Gyraulus convexiusculus,642
Postmonsoon,S5,Gyraulus euphraticus,642
Postmonsoon,S5,Indoplanorbis exustus,612
Postmonsoon,S5,Macrobrachium malcolmsonii,866
Postmonsoon,S5,Macrobrachium rosenbergii,866
Postmonsoon,S5,Macrobrachium rude,489
Postmonsoon,S5,Macrobrachium equidens,425
Postmonsoon,S5,Hydrovatus confertus,2149
Postmonsoon,S5,Nettapus coromandelianus,891
Postmonsoon,S5,Spatula querquedula,1212
Postmonsoon,S5,Anas poecilorhyncha,797
Postmonsoon,S5,Anas acuta,1212
Postmonsoon,S5,Netta rufina,826
Postmonsoon,S5,Tachybaptus ruficollis,1557
Postmonsoon,S5,Tadploes,169
Postmonsoon,S5,Centropus bengalensis,1232
Postmonsoon,S5,Microhyla mymensinghensis,872
Postmonsoon,S5,Polypedates maculatus,848
Postmonsoon,S5,Gallinula chloropus,866
Postmonsoon,S5,Fulica atra,1212
Postmonsoon,S5,Porphyrio poliocephalus,1212
Postmonsoon,S5,Amaurornis phoenicurus,1487
Postmonsoon,S5,Himantopus himantopus,1187
Postmonsoon,S5,Pluvialis fulva,1187
Postmonsoon,S5,Charadrius dubius,760
Postmonsoon,S5,Vanellus malabaricus,1187
Postmonsoon,S5,Vanellus indicus,1187
Postmonsoon,S5,Metopidius indicus,1212
Postmonsoon,S5,Hydrophasianus chirurgus,1212
Postmonsoon,S5,Numenius arquata,1187
Postmonsoon,S5,Calidris minuta,1281
Postmonsoon,S5,Xenus cinereus,1281
Postmonsoon,S5,Tringa ochropus,1281
Postmonsoon,S5,Tringa nebularia,1292
Postmonsoon,S5,Tringa stagnatilis,1281
Postmonsoon,S5,Tringa glareola,871
Postmonsoon,S5,Tringa tetanus,1187
Postmonsoon,S5,Chroicocephalus brunnicephalus,1119
Postmonsoon,S5,Sternula albifrons,444
Postmonsoon,S5,Chlidonias hybrida,1130
Postmonsoon,S5,Sterna aurantia,1130
Postmonsoon,S5,Anastomus oscitans,845
Postmonsoon,S5,Mycteria leucocephala,1001
Postmonsoon,S5,Anhinga melanogaster,340
Postmonsoon,S5,Microcarbo niger,593
Postmonsoon,S5,Phalacrocorax fuscicollis,340
Postmonsoon,S5,Ardea cinerea,1356
Postmonsoon,S5,Ardea purpurea,1092
Postmonsoon,S5,Enhydris enhydris,389
Postmonsoon,S5,Fowlea piscator,367
Postmonsoon,S5,Ardea alba,1106
Postmonsoon,S5,Ardea intermedia,1106
Postmonsoon,S5,Egretta garzetta,1188
Postmonsoon,S5,Bubulcus ibis,1037
Postmonsoon,S5,Ardeola grayii,1199
Postmonsoon,S5,Nycticorax nycticorax,1106
Postmonsoon,S5,Plegadis falcinellus,864
Postmonsoon,S5,Threskiornis melanocephalus,1484
Postmonsoon,S5,Haliaeetus leucogaster,322
Postmonsoon,S5,Naja naja,113
Postmonsoon,S5,Spilornis cheela,11
Postmonsoon,S5,Circus aeruginosus,151
Postmonsoon,S5,Carp sp.,274
Postmonsoon,S5,Alcedo atthis,1091
Postmonsoon,S5,Halcyon smyrnensis,1091
Postmonsoon,S5,Ceryle rudis,1091
Postmonsoon,S5,Odonata sp.,234
Postmonsoon,S5,Merops orientalis,7
Postmonsoon,S5,Merops philippinus,7
Postmonsoon,S5,Coracias benghalensis,146
Postmonsoon,S5,Oriolus kundoo,7
Postmonsoon,S5,Oriolus xanthornus,7
Postmonsoon,S5,Dicrurus caerulescens,7
Postmonsoon,S5,Hirundo rustica,760
Postmonsoon,S5,Acridotheres ginginianus,135
Postmonsoon,S5,Motacilla citreola,760
Postmonsoon,S5,Motacilla tschutschensis,760
Postmonsoon,S5,Motacilla alba,767
Postmonsoon,S5,Varanus bengalensis,138
Postmonsoon,S5,Detritus,299
Postmonsoon,S5,Mosquito larvae,62
Postmonsoon,S5,Arcella discoides,100
Postmonsoon,S5,Centropyxis aculeata,100
Postmonsoon,S5,Brachionus calyciflorus,118
Postmonsoon,S5,Brachionus forficula,118
Postmonsoon,S5,Keratella lenzi,118
Postmonsoon,S5,Lecane aculeata,118
Postmonsoon,S5,Lecane bulla,118
Postmonsoon,S5,Asplanchna brightwelli,100
Postmonsoon,S5,Mesocyclops leukarti,110
Postmonsoon,S5,Scapholeberis kingi,110
Postmonsoon,S5,Macrothrix spinosa,100
Postmonsoon,S5,Macrothrix goeldi,100
Postmonsoon,S5,Alona pulchella,100
Postmonsoon,S5,Coronatella rectangula,100
Postmonsoon,D1,Channa punctata,34
Postmonsoon,D1,Felis chaus,0
Postmonsoon,D1,Channa striata,34
Postmonsoon,D1,Mystus tengara,0
Postmonsoon,D1,Mystus vittatus,0
Postmonsoon,D1,Glossogobius giuris,29
Postmonsoon,D1,Oreochromis niloticus,9
Postmonsoon,D1,Duttaphrynus melanostictus,9
Postmonsoon,D1,Minervarya agricola,9
Postmonsoon,D1,Hoplobatrachus tigerinus,13
Postmonsoon,D1,Netuma thalassina,10
Postmonsoon,D1,Prionailurus viverrinus,13
Postmonsoon,D1,Macrognathus pancalus,29
Postmonsoon,D1,Xenentodon cancila,9
Postmonsoon,D1,Channa gachua,29
Postmonsoon,D1,Heteropneustes fossilis,0
Postmonsoon,D1,Mastacembelus armatus,29
Postmonsoon,D1,Notopterus notopterus,26
Postmonsoon,D1,Trichogaster lalius,0
Postmonsoon,D1,Trichogaster fasciata,54
Postmonsoon,D1,Diplonychus annulatus,202
Postmonsoon,D1,Diplonychus rusticus,268
Postmonsoon,D1,Aquarius adelaides,0
Postmonsoon,D1,Limnogonus fossarum,0
Postmonsoon,D1,Laccotrephes griseus,0
Postmonsoon,D1,Laccotrephes ruber,0
Postmonsoon,D1,Ranatra elongata,441
Postmonsoon,D1,Ranatra filiformis,441
Postmonsoon,D1,Ranatra varipes,351
Postmonsoon,D1,Anisops campbelli,0
Postmonsoon,D1,Euphlyctis cyanophlyctis,9
Postmonsoon,D1,Lissemys punctata,29
Postmonsoon,D1,Big fish juveniles,0
Postmonsoon,D1,Parambassis baculis,76
Postmonsoon,D1,Dendrocygna javanica,2
Postmonsoon,D1,Aplocheilus panchax,79
Postmonsoon,D1,Badis badis,79
Postmonsoon,D1,Puntius vittatus,79
Postmonsoon,D1,Rasbora daniconius,79
Postmonsoon,D1,Pethia phutunio,79
Postmonsoon,D1,Pila globosa,0
Postmonsoon,D1,Filopaludina bengalensis,0
Postmonsoon,D1,Idiopoma dissimilis,0
Postmonsoon,D1,Melanoides tuberculata,0
Postmonsoon,D1,Tarebia lineata,0
Postmonsoon,D1,Bithynia pulchella,0
Postmonsoon,D1,Gabbia orcula,0
Postmonsoon,D1,Radix rufescens,0
Postmonsoon,D1,Racesina luteola,0
Postmonsoon,D1,Herbaceous aquatic plants,0
Postmonsoon,D1,Tadorna ferruginea,9
Postmonsoon,D1,Green Algae,0
Postmonsoon,D1,Gyraulus barrackporensis,0
Postmonsoon,D1,Gyraulus convexiusculus,0
Postmonsoon,D1,Gyraulus euphraticus,0
Postmonsoon,D1,Indoplanorbis exustus,0
Postmonsoon,D1,Macrobrachium malcolmsonii,9
Postmonsoon,D1,Macrobrachium rosenbergii,9
Postmonsoon,D1,Macrobrachium rude,0
Postmonsoon,D1,Macrobrachium equidens,0
Postmonsoon,D1,Hydrovatus confertus,0
Postmonsoon,D1,Nettapus coromandelianus,9
Postmonsoon,D1,Spatula querquedula,9
Postmonsoon,D1,Anas poecilorhyncha,9
Postmonsoon,D1,Anas acuta,9
Postmonsoon,D1,Netta rufina,9
Postmonsoon,D1,Tachybaptus ruficollis,29
Postmonsoon,D1,Tadploes,0
Postmonsoon,D1,Centropus bengalensis,9
Postmonsoon,D1,Microhyla mymensinghensis,9
Postmonsoon,D1,Polypedates maculatus,9
Postmonsoon,D1,Gallinula chloropus,9
Postmonsoon,D1,Fulica atra,9
Postmonsoon,D1,Porphyrio poliocephalus,9
Postmonsoon,D1,Amaurornis phoenicurus,29
Postmonsoon,D1,Himantopus himantopus,9
Postmonsoon,D1,Pluvialis fulva,9
Postmonsoon,D1,Charadrius dubius,9
Postmonsoon,D1,Vanellus malabaricus,9
Postmonsoon,D1,Vanellus indicus,9
Postmonsoon,D1,Metopidius indicus,9
Postmonsoon,D1,Hydrophasianus chirurgus,9
Postmonsoon,D1,Numenius arquata,9
Postmonsoon,D1,Calidris minuta,9
Postmonsoon,D1,Xenus cinereus,9
Postmonsoon,D1,Tringa ochropus,9
Postmonsoon,D1,Tringa nebularia,9
Postmonsoon,D1,Tringa stagnatilis,9
Postmonsoon,D1,Tringa glareola,0
Postmonsoon,D1,Tringa tetanus,9
Postmonsoon,D1,Chroicocephalus brunnicephalus,29
Postmonsoon,D1,Sternula albifrons,0
Postmonsoon,D1,Chlidonias hybrida,29
Postmonsoon,D1,Sterna aurantia,29
Postmonsoon,D1,Anastomus oscitans,0
Postmonsoon,D1,Mycteria leucocephala,31
Postmonsoon,D1,Anhinga melanogaster,0
Postmonsoon,D1,Microcarbo niger,0
Postmonsoon,D1,Phalacrocorax fuscicollis,0
Postmonsoon,D1,Ardea cinerea,31
Postmonsoon,D1,Ardea purpurea,30
Postmonsoon,D1,Enhydris enhydris,0
Postmonsoon,D1,Fowlea piscator,4
Postmonsoon,D1,Ardea alba,29
Postmonsoon,D1,Ardea intermedia,29
Postmonsoon,D1,Egretta garzetta,29
Postmonsoon,D1,Bubulcus ibis,29
Postmonsoon,D1,Ardeola grayii,29
Postmonsoon,D1,Nycticorax nycticorax,29
Postmonsoon,D1,Plegadis falcinellus,1
Postmonsoon,D1,Threskiornis melanocephalus,27
Postmonsoon,D1,Haliaeetus leucogaster,2
Postmonsoon,D1,Naja naja,0
Postmonsoon,D1,Spilornis cheela,0
Postmonsoon,D1,Circus aeruginosus,0
Postmonsoon,D1,Carp sp.,0
Postmonsoon,D1,Alcedo atthis,29
Postmonsoon,D1,Halcyon smyrnensis,29
Postmonsoon,D1,Ceryle rudis,29
Postmonsoon,D1,Odonata sp.,0
Postmonsoon,D1,Merops orientalis,0
Postmonsoon,D1,Merops philippinus,0
Postmonsoon,D1,Coracias benghalensis,1
Postmonsoon,D1,Oriolus kundoo,0
Postmonsoon,D1,Oriolus xanthornus,0
Postmonsoon,D1,Dicrurus caerulescens,0
Postmonsoon,D1,Hirundo rustica,9
Postmonsoon,D1,Acridotheres ginginianus,0
Postmonsoon,D1,Motacilla citreola,9
Postmonsoon,D1,Motacilla tschutschensis,9
Postmonsoon,D1,Motacilla alba,9
Postmonsoon,D1,Varanus bengalensis,1
Postmonsoon,D1,Detritus,0
Postmonsoon,D1,Mosquito larvae,0
Postmonsoon,D1,Arcella discoides,0
Postmonsoon,D1,Centropyxis aculeata,0
Postmonsoon,D1,Brachionus calyciflorus,0
Postmonsoon,D1,Brachionus forficula,0
Postmonsoon,D1,Keratella lenzi,0
Postmonsoon,D1,Lecane aculeata,0
Postmonsoon,D1,Lecane bulla,0
Postmonsoon,D1,Asplanchna brightwelli,0
Postmonsoon,D1,Mesocyclops leukarti,0
Postmonsoon,D1,Scapholeberis kingi,0
Postmonsoon,D1,Macrothrix spinosa,0
Postmonsoon,D1,Macrothrix goeldi,0
Postmonsoon,D1,Alona pulchella,0
Postmonsoon,D1,Coronatella rectangula,0
Postmonsoon,D2,Channa punctata,35
Postmonsoon,D2,Felis chaus,0
Postmonsoon,D2,Channa striata,35
Postmonsoon,D2,Mystus tengara,2
Postmonsoon,D2,Mystus vittatus,2
Postmonsoon,D2,Glossogobius giuris,2
Postmonsoon,D2,Oreochromis niloticus,2
Postmonsoon,D2,Duttaphrynus melanostictus,0
Postmonsoon,D2,Minervarya agricola,1
Postmonsoon,D2,Hoplobatrachus tigerinus,2
Postmonsoon,D2,Netuma thalassina,70
Postmonsoon,D2,Prionailurus viverrinus,0
Postmonsoon,D2,Macrognathus pancalus,2
Postmonsoon,D2,Xenentodon cancila,2
Postmonsoon,D2,Channa gachua,2
Postmonsoon,D2,Heteropneustes fossilis,2
Postmonsoon,D2,Mastacembelus armatus,2
Postmonsoon,D2,Notopterus notopterus,2
Postmonsoon,D2,Trichogaster lalius,5
Postmonsoon,D2,Trichogaster fasciata,15
Postmonsoon,D2,Diplonychus annulatus,20
Postmonsoon,D2,Diplonychus rusticus,27
Postmonsoon,D2,Aquarius adelaides,29
Postmonsoon,D2,Limnogonus fossarum,29
Postmonsoon,D2,Laccotrephes griseus,29
Postmonsoon,D2,Laccotrephes ruber,29
Postmonsoon,D2,Ranatra elongata,72
Postmonsoon,D2,Ranatra filiformis,78
Postmonsoon,D2,Ranatra varipes,64
Postmonsoon,D2,Anisops campbelli,29
Postmonsoon,D2,Euphlyctis cyanophlyctis,1
Postmonsoon,D2,Lissemys punctata,0
Postmonsoon,D2,Big fish juveniles,5
Postmonsoon,D2,Parambassis baculis,22
Postmonsoon,D2,Dendrocygna javanica,0
Postmonsoon,D2,Aplocheilus panchax,20
Postmonsoon,D2,Badis badis,20
Postmonsoon,D2,Puntius vittatus,20
Postmonsoon,D2,Rasbora daniconius,22
Postmonsoon,D2,Pethia phutunio,20
Postmonsoon,D2,Pila globosa,2
Postmonsoon,D2,Filopaludina bengalensis,2
Postmonsoon,D2,Idiopoma dissimilis,0
Postmonsoon,D2,Melanoides tuberculata,2
Postmonsoon,D2,Tarebia lineata,2
Postmonsoon,D2,Bithynia pulchella,2
Postmonsoon,D2,Gabbia orcula,2
Postmonsoon,D2,Radix rufescens,2
Postmonsoon,D2,Racesina luteola,2
Postmonsoon,D2,Herbaceous aquatic plants,0
Postmonsoon,D2,Tadorna ferruginea,0
Postmonsoon,D2,Green Algae,0
Postmonsoon,D2,Gyraulus barrackporensis,2
Postmonsoon,D2,Gyraulus convexiusculus,2
Postmonsoon,D2,Gyraulus euphraticus,2
Postmonsoon,D2,Indoplanorbis exustus,2
Postmonsoon,D2,Macrobrachium malcolmsonii,2
Postmonsoon,D2,Macrobrachium rosenbergii,2
Postmonsoon,D2,Macrobrachium rude,2
Postmonsoon,D2,Macrobrachium equidens,2
Postmonsoon,D2,Hydrovatus confertus,29
Postmonsoon,D2,Nettapus coromandelianus,0
Postmonsoon,D2,Spatula querquedula,0
Postmonsoon,D2,Anas poecilorhyncha,0
Postmonsoon,D2,Anas acuta,0
Postmonsoon,D2,Netta rufina,0
Postmonsoon,D2,Tachybaptus ruficollis,0
Postmonsoon,D2,Tadploes,3
Postmonsoon,D2,Centropus bengalensis,0
Postmonsoon,D2,Microhyla mymensinghensis,0
Postmonsoon,D2,Polypedates maculatus,0
Postmonsoon,D2,Gallinula chloropus,0
Postmonsoon,D2,Fulica atra,0
Postmonsoon,D2,Porphyrio poliocephalus,0
Postmonsoon,D2,Amaurornis phoenicurus,0
Postmonsoon,D2,Himantopus himantopus,0
Postmonsoon,D2,Pluvialis fulva,0
Postmonsoon,D2,Charadrius dubius,0
Postmonsoon,D2,Vanellus malabaricus,0
Postmonsoon,D2,Vanellus indicus,0
Postmonsoon,D2,Metopidius indicus,0
Postmonsoon,D2,Hydrophasianus chirurgus,0
Postmonsoon,D2,Numenius arquata,0
Postmonsoon,D2,Calidris minuta,0
Postmonsoon,D2,Xenus cinereus,0
Postmonsoon,D2,Tringa ochropus,0
Postmonsoon,D2,Tringa nebularia,0
Postmonsoon,D2,Tringa stagnatilis,0
Postmonsoon,D2,Tringa glareola,0
Postmonsoon,D2,Tringa tetanus,0
Postmonsoon,D2,Chroicocephalus brunnicephalus,0
Postmonsoon,D2,Sternula albifrons,0
Postmonsoon,D2,Chlidonias hybrida,0
Postmonsoon,D2,Sterna aurantia,0
Postmonsoon,D2,Anastomus oscitans,0
Postmonsoon,D2,Mycteria leucocephala,0
Postmonsoon,D2,Anhinga melanogaster,0
Postmonsoon,D2,Microcarbo niger,0
Postmonsoon,D2,Phalacrocorax fuscicollis,0
Postmonsoon,D2,Ardea cinerea,0
Postmonsoon,D2,Ardea purpurea,0
Postmonsoon,D2,Enhydris enhydris,0
Postmonsoon,D2,Fowlea piscator,2
Postmonsoon,D2,Ardea alba,0
Postmonsoon,D2,Ardea intermedia,0
Postmonsoon,D2,Egretta garzetta,0
Postmonsoon,D2,Bubulcus ibis,0
Postmonsoon,D2,Ardeola grayii,0
Postmonsoon,D2,Nycticorax nycticorax,0
Postmonsoon,D2,Plegadis falcinellus,0
Postmonsoon,D2,Threskiornis melanocephalus,0
Postmonsoon,D2,Haliaeetus leucogaster,0
Postmonsoon,D2,Naja naja,0
Postmonsoon,D2,Spilornis cheela,0
Postmonsoon,D2,Circus aeruginosus,0
Postmonsoon,D2,Carp sp.,0
Postmonsoon,D2,Alcedo atthis,0
Postmonsoon,D2,Halcyon smyrnensis,0
Postmonsoon,D2,Ceryle rudis,0
Postmonsoon,D2,Odonata sp.,0
Postmonsoon,D2,Merops orientalis,0
Postmonsoon,D2,Merops philippinus,0
Postmonsoon,D2,Coracias benghalensis,0
Postmonsoon,D2,Oriolus kundoo,0
Postmonsoon,D2,Oriolus xanthornus,0
Postmonsoon,D2,Dicrurus caerulescens,0
Postmonsoon,D2,Hirundo rustica,0
Postmonsoon,D2,Acridotheres ginginianus,0
Postmonsoon,D2,Motacilla citreola,0
Postmonsoon,D2,Motacilla tschutschensis,0
Postmonsoon,D2,Motacilla alba,0
Postmonsoon,D2,Varanus bengalensis,0
Postmonsoon,D2,Detritus,0
Postmonsoon,D2,Mosquito larvae,10
Postmonsoon,D2,Arcella discoides,0
Postmonsoon,D2,Centropyxis aculeata,0
Postmonsoon,D2,Brachionus calyciflorus,0
Postmonsoon,D2,Brachionus forficula,0
Postmonsoon,D2,Keratella lenzi,0
Postmonsoon,D2,Lecane aculeata,0
Postmonsoon,D2,Lecane bulla,0
Postmonsoon,D2,Asplanchna brightwelli,0
Postmonsoon,D2,Mesocyclops leukarti,0
Postmonsoon,D2,Scapholeberis kingi,0
Postmonsoon,D2,Macrothrix spinosa,0
Postmonsoon,D2,Macrothrix goeldi,0
Postmonsoon,D2,Alona pulchella,0
Postmonsoon,D2,Coronatella rectangula,0
Postmonsoon,D3,Channa punctata,1
Postmonsoon,D3,Felis chaus,3
Postmonsoon,D3,Channa striata,1
Postmonsoon,D3,Mystus tengara,0
Postmonsoon,D3,Mystus vittatus,0
Postmonsoon,D3,Glossogobius giuris,0
Postmonsoon,D3,Oreochromis niloticus,20
Postmonsoon,D3,Duttaphrynus melanostictus,20
Postmonsoon,D3,Minervarya agricola,20
Postmonsoon,D3,Hoplobatrachus tigerinus,40
Postmonsoon,D3,Netuma thalassina,22
Postmonsoon,D3,Prionailurus viverrinus,19
Postmonsoon,D3,Macrognathus pancalus,0
Postmonsoon,D3,Xenentodon cancila,20
Postmonsoon,D3,Channa gachua,1
Postmonsoon,D3,Heteropneustes fossilis,0
Postmonsoon,D3,Mastacembelus armatus,0
Postmonsoon,D3,Notopterus notopterus,3
Postmonsoon,D3,Trichogaster lalius,0
Postmonsoon,D3,Trichogaster fasciata,108
Postmonsoon,D3,Diplonychus annulatus,0
Postmonsoon,D3,Diplonychus rusticus,0
Postmonsoon,D3,Aquarius adelaides,0
Postmonsoon,D3,Limnogonus fossarum,0
Postmonsoon,D3,Laccotrephes griseus,0
Postmonsoon,D3,Laccotrephes ruber,0
Postmonsoon,D3,Ranatra elongata,352
Postmonsoon,D3,Ranatra filiformis,352
Postmonsoon,D3,Ranatra varipes,307
Postmonsoon,D3,Anisops campbelli,0
Postmonsoon,D3,Euphlyctis cyanophlyctis,20
Postmonsoon,D3,Lissemys punctata,1
Postmonsoon,D3,Big fish juveniles,0
Postmonsoon,D3,Parambassis baculis,157
Postmonsoon,D3,Dendrocygna javanica,20
Postmonsoon,D3,Aplocheilus panchax,154
Postmonsoon,D3,Badis badis,148
Postmonsoon,D3,Puntius vittatus,148
Postmonsoon,D3,Rasbora daniconius,154
Postmonsoon,D3,Pethia phutunio,148
Postmonsoon,D3,Pila globosa,0
Postmonsoon,D3,Filopaludina bengalensis,0
Postmonsoon,D3,Idiopoma dissimilis,0
Postmonsoon,D3,Melanoides tuberculata,0
Postmonsoon,D3,Tarebia lineata,0
Postmonsoon,D3,Bithynia pulchella,0
Postmonsoon,D3,Gabbia orcula,0
Postmonsoon,D3,Radix rufescens,0
Postmonsoon,D3,Racesina luteola,0
Postmonsoon,D3,Herbaceous aquatic plants,0
Postmonsoon,D3,Tadorna ferruginea,20
Postmonsoon,D3,Green Algae,0
Postmonsoon,D3,Gyraulus barrackporensis,0
Postmonsoon,D3,Gyraulus convexiusculus,0
Postmonsoon,D3,Gyraulus euphraticus,0
Postmonsoon,D3,Indoplanorbis exustus,0
Postmonsoon,D3,Macrobrachium malcolmsonii,11
Postmonsoon,D3,Macrobrachium rosenbergii,11
Postmonsoon,D3,Macrobrachium rude,0
Postmonsoon,D3,Macrobrachium equidens,0
Postmonsoon,D3,Hydrovatus confertus,0
Postmonsoon,D3,Nettapus coromandelianus,20
Postmonsoon,D3,Spatula querquedula,20
Postmonsoon,D3,Anas poecilorhyncha,20
Postmonsoon,D3,Anas acuta,20
Postmonsoon,D3,Netta rufina,20
Postmonsoon,D3,Tachybaptus ruficollis,0
Postmonsoon,D3,Tadploes,0
Postmonsoon,D3,Centropus bengalensis,21
Postmonsoon,D3,Microhyla mymensinghensis,20
Postmonsoon,D3,Polypedates maculatus,20
Postmonsoon,D3,Gallinula chloropus,21
Postmonsoon,D3,Fulica atra,20
Postmonsoon,D3,Porphyrio poliocephalus,20
Postmonsoon,D3,Amaurornis phoenicurus,0
Postmonsoon,D3,Himantopus himantopus,20
Postmonsoon,D3,Pluvialis fulva,20
Postmonsoon,D3,Charadrius dubius,20
Postmonsoon,D3,Vanellus malabaricus,20
Postmonsoon,D3,Vanellus indicus,20
Postmonsoon,D3,Metopidius indicus,20
Postmonsoon,D3,Hydrophasianus chirurgus,20
Postmonsoon,D3,Numenius arquata,20
Postmonsoon,D3,Calidris minuta,20
Postmonsoon,D3,Xenus cinereus,20
Postmonsoon,D3,Tringa ochropus,20
Postmonsoon,D3,Tringa nebularia,20
Postmonsoon,D3,Tringa stagnatilis,20
Postmonsoon,D3,Tringa glareola,20
Postmonsoon,D3,Tringa tetanus,20
Postmonsoon,D3,Chroicocephalus brunnicephalus,0
Postmonsoon,D3,Sternula albifrons,20
Postmonsoon,D3,Chlidonias hybrida,0
Postmonsoon,D3,Sterna aurantia,0
Postmonsoon,D3,Anastomus oscitans,20
Postmonsoon,D3,Mycteria leucocephala,1
Postmonsoon,D3,Anhinga melanogaster,20
Postmonsoon,D3,Microcarbo niger,21
Postmonsoon,D3,Phalacrocorax fuscicollis,20
Postmonsoon,D3,Ardea cinerea,1
Postmonsoon,D3,Ardea purpurea,0
Postmonsoon,D3,Enhydris enhydris,20
Postmonsoon,D3,Fowlea piscator,40
Postmonsoon,D3,Ardea alba,1
Postmonsoon,D3,Ardea intermedia,1
Postmonsoon,D3,Egretta garzetta,1
Postmonsoon,D3,Bubulcus ibis,0
Postmonsoon,D3,Ardeola grayii,1
Postmonsoon,D3,Nycticorax nycticorax,1
Postmonsoon,D3,Plegadis falcinellus,20
Postmonsoon,D3,Threskiornis melanocephalus,3
Postmonsoon,D3,Haliaeetus leucogaster,21
Postmonsoon,D3,Naja naja,1
Postmonsoon,D3,Spilornis cheela,1
Postmonsoon,D3,Circus aeruginosus,1
Postmonsoon,D3,Carp sp.,0
Postmonsoon,D3,Alcedo atthis,0
Postmonsoon,D3,Halcyon smyrnensis,0
Postmonsoon,D3,Ceryle rudis,0
Postmonsoon,D3,Odonata sp.,0
Postmonsoon,D3,Merops orientalis,0
Postmonsoon,D3,Merops philippinus,0
Postmonsoon,D3,Coracias benghalensis,0
Postmonsoon,D3,Oriolus kundoo,0
Postmonsoon,D3,Oriolus xanthornus,0
Postmonsoon,D3,Dicrurus caerulescens,0
Postmonsoon,D3,Hirundo rustica,20
Postmonsoon,D3,Acridotheres ginginianus,1
Postmonsoon,D3,Motacilla citreola,20
Postmonsoon,D3,Motacilla tschutschensis,20
Postmonsoon,D3,Motacilla alba,20
Postmonsoon,D3,Varanus bengalensis,0
Postmonsoon,D3,Detritus,0
Postmonsoon,D3,Mosquito larvae,0
Postmonsoon,D3,Arcella discoides,0
Postmonsoon,D3,Centropyxis aculeata,0
Postmonsoon,D3,Brachionus calyciflorus,0
Postmonsoon,D3,Brachionus forficula,0
Postmonsoon,D3,Keratella lenzi,0
Postmonsoon,D3,Lecane aculeata,0
Postmonsoon,D3,Lecane bulla,0
Postmonsoon,D3,Asplanchna brightwelli,0
Postmonsoon,D3,Mesocyclops leukarti,0
Postmonsoon,D3,Scapholeberis kingi,0
Postmonsoon,D3,Macrothrix spinosa,0
Postmonsoon,D3,Macrothrix goeldi,0
Postmonsoon,D3,Alona pulchella,0
Postmonsoon,D3,Coronatella rectangula,0
Postmonsoon,D4,Channa punctata,14
Postmonsoon,D4,Felis chaus,0
Postmonsoon,D4,Channa striata,14
Postmonsoon,D4,Mystus tengara,0
Postmonsoon,D4,Mystus vittatus,0
Postmonsoon,D4,Glossogobius giuris,0
Postmonsoon,D4,Oreochromis niloticus,0
Postmonsoon,D4,Duttaphrynus melanostictus,1
Postmonsoon,D4,Minervarya agricola,0
Postmonsoon,D4,Hoplobatrachus tigerinus,24
Postmonsoon,D4,Netuma thalassina,28
Postmonsoon,D4,Prionailurus viverrinus,0
Postmonsoon,D4,Macrognathus pancalus,0
Postmonsoon,D4,Xenentodon cancila,0
Postmonsoon,D4,Channa gachua,0
Postmonsoon,D4,Heteropneustes fossilis,0
Postmonsoon,D4,Mastacembelus armatus,0
Postmonsoon,D4,Notopterus notopterus,0
Postmonsoon,D4,Trichogaster lalius,26
Postmonsoon,D4,Trichogaster fasciata,40
Postmonsoon,D4,Diplonychus annulatus,10
Postmonsoon,D4,Diplonychus rusticus,13
Postmonsoon,D4,Aquarius adelaides,3
Postmonsoon,D4,Limnogonus fossarum,3
Postmonsoon,D4,Laccotrephes griseus,3
Postmonsoon,D4,Laccotrephes ruber,3
Postmonsoon,D4,Ranatra elongata,93
Postmonsoon,D4,Ranatra filiformis,91
Postmonsoon,D4,Ranatra varipes,69
Postmonsoon,D4,Anisops campbelli,3
Postmonsoon,D4,Euphlyctis cyanophlyctis,0
Postmonsoon,D4,Lissemys punctata,0
Postmonsoon,D4,Big fish juveniles,26
Postmonsoon,D4,Parambassis baculis,11
Postmonsoon,D4,Dendrocygna javanica,0
Postmonsoon,D4,Aplocheilus panchax,12
Postmonsoon,D4,Badis badis,60
Postmonsoon,D4,Puntius vittatus,18
Postmonsoon,D4,Rasbora daniconius,29
Postmonsoon,D4,Pethia phutunio,60
Postmonsoon,D4,Pila globosa,0
Postmonsoon,D4,Filopaludina bengalensis,0
Postmonsoon,D4,Idiopoma dissimilis,0
Postmonsoon,D4,Melanoides tuberculata,0
Postmonsoon,D4,Tarebia lineata,0
Postmonsoon,D4,Bithynia pulchella,0
Postmonsoon,D4,Gabbia orcula,0
Postmonsoon,D4,Radix rufescens,0
Postmonsoon,D4,Racesina luteola,0
Postmonsoon,D4,Herbaceous aquatic plants,5
Postmonsoon,D4,Tadorna ferruginea,0
Postmonsoon,D4,Green Algae,7
Postmonsoon,D4,Gyraulus barrackporensis,0
Postmonsoon,D4,Gyraulus convexiusculus,0
Postmonsoon,D4,Gyraulus euphraticus,0
Postmonsoon,D4,Indoplanorbis exustus,0
Postmonsoon,D4,Macrobrachium malcolmsonii,0
Postmonsoon,D4,Macrobrachium rosenbergii,0
Postmonsoon,D4,Macrobrachium rude,9
Postmonsoon,D4,Macrobrachium equidens,9
Postmonsoon,D4,Hydrovatus confertus,3
Postmonsoon,D4,Nettapus coromandelianus,0
Postmonsoon,D4,Spatula querquedula,0
Postmonsoon,D4,Anas poecilorhyncha,0
Postmonsoon,D4,Anas acuta,0
Postmonsoon,D4,Netta rufina,0
Postmonsoon,D4,Tachybaptus ruficollis,0
Postmonsoon,D4,Tadploes,25
Postmonsoon,D4,Centropus bengalensis,0
Postmonsoon,D4,Microhyla mymensinghensis,1
Postmonsoon,D4,Polypedates maculatus,1
Postmonsoon,D4,Gallinula chloropus,0
Postmonsoon,D4,Fulica atra,0
Postmonsoon,D4,Porphyrio poliocephalus,0
Postmonsoon,D4,Amaurornis phoenicurus,0
Postmonsoon,D4,Himantopus himantopus,0
Postmonsoon,D4,Pluvialis fulva,0
Postmonsoon,D4,Charadrius dubius,0
Postmonsoon,D4,Vanellus malabaricus,0
Postmonsoon,D4,Vanellus indicus,0
Postmonsoon,D4,Metopidius indicus,0
Postmonsoon,D4,Hydrophasianus chirurgus,0
Postmonsoon,D4,Numenius arquata,0
Postmonsoon,D4,Calidris minuta,0
Postmonsoon,D4,Xenus cinereus,0
Postmonsoon,D4,Tringa ochropus,0
Postmonsoon,D4,Tringa nebularia,0
Postmonsoon,D4,Tringa stagnatilis,0
Postmonsoon,D4,Tringa glareola,0
Postmonsoon,D4,Tringa tetanus,0
Postmonsoon,D4,Chroicocephalus brunnicephalus,0
Postmonsoon,D4,Sternula albifrons,0
Postmonsoon,D4,Chlidonias hybrida,0
Postmonsoon,D4,Sterna aurantia,0
Postmonsoon,D4,Anastomus oscitans,0
Postmonsoon,D4,Mycteria leucocephala,0
Postmonsoon,D4,Anhinga melanogaster,0
Postmonsoon,D4,Microcarbo niger,0
Postmonsoon,D4,Phalacrocorax fuscicollis,0
Postmonsoon,D4,Ardea cinerea,0
Postmonsoon,D4,Ardea purpurea,0
Postmonsoon,D4,Enhydris enhydris,1
Postmonsoon,D4,Fowlea piscator,24
Postmonsoon,D4,Ardea alba,0
Postmonsoon,D4,Ardea intermedia,0
Postmonsoon,D4,Egretta garzetta,0
Postmonsoon,D4,Bubulcus ibis,0
Postmonsoon,D4,Ardeola grayii,0
Postmonsoon,D4,Nycticorax nycticorax,0
Postmonsoon,D4,Plegadis falcinellus,0
Postmonsoon,D4,Threskiornis melanocephalus,0
Postmonsoon,D4,Haliaeetus leucogaster,0
Postmonsoon,D4,Naja naja,0
Postmonsoon,D4,Spilornis cheela,0
Postmonsoon,D4,Circus aeruginosus,0
Postmonsoon,D4,Carp sp.,0
Postmonsoon,D4,Alcedo atthis,0
Postmonsoon,D4,Halcyon smyrnensis,0
Postmonsoon,D4,Ceryle rudis,0
Postmonsoon,D4,Odonata sp.,3
Postmonsoon,D4,Merops orientalis,0
Postmonsoon,D4,Merops philippinus,0
Postmonsoon,D4,Coracias benghalensis,0
Postmonsoon,D4,Oriolus kundoo,0
Postmonsoon,D4,Oriolus xanthornus,0
Postmonsoon,D4,Dicrurus caerulescens,0
Postmonsoon,D4,Hirundo rustica,0
Postmonsoon,D4,Acridotheres ginginianus,0
Postmonsoon,D4,Motacilla citreola,0
Postmonsoon,D4,Motacilla tschutschensis,0
Postmonsoon,D4,Motacilla alba,0
Postmonsoon,D4,Varanus bengalensis,0
Postmonsoon,D4,Detritus,7
Postmonsoon,D4,Mosquito larvae,15
Postmonsoon,D4,Arcella discoides,8
Postmonsoon,D4,Centropyxis aculeata,8
Postmonsoon,D4,Brachionus calyciflorus,8
Postmonsoon,D4,Brachionus forficula,8
Postmonsoon,D4,Keratella lenzi,8
Postmonsoon,D4,Lecane aculeata,8
Postmonsoon,D4,Lecane bulla,8
Postmonsoon,D4,Asplanchna brightwelli,8
Postmonsoon,D4,Mesocyclops leukarti,11
Postmonsoon,D4,Scapholeberis kingi,11
Postmonsoon,D4,Macrothrix spinosa,8
Postmonsoon,D4,Macrothrix goeldi,8
Postmonsoon,D4,Alona pulchella,8
Postmonsoon,D4,Coronatella rectangula,8
Postmonsoon,D5,Channa punctata,0
Postmonsoon,D5,Felis chaus,0
Postmonsoon,D5,Channa striata,0
Postmonsoon,D5,Mystus tengara,0
Postmonsoon,D5,Mystus vittatus,0
Postmonsoon,D5,Glossogobius giuris,0
Postmonsoon,D5,Oreochromis niloticus,0
Postmonsoon,D5,Duttaphrynus melanostictus,0
Postmonsoon,D5,Minervarya agricola,0
Postmonsoon,D5,Hoplobatrachus tigerinus,0
Postmonsoon,D5,Netuma thalassina,0
Postmonsoon,D5,Prionailurus viverrinus,0
Postmonsoon,D5,Macrognathus pancalus,0
Postmonsoon,D5,Xenentodon cancila,0
Postmonsoon,D5,Channa gachua,0
Postmonsoon,D5,Heteropneustes fossilis,0
Postmonsoon,D5,Mastacembelus armatus,0
Postmonsoon,D5,Notopterus notopterus,0
Postmonsoon,D5,Trichogaster lalius,0
Postmonsoon,D5,Trichogaster fasciata,0
Postmonsoon,D5,Diplonychus annulatus,6
Postmonsoon,D5,Diplonychus rusticus,0
Postmonsoon,D5,Aquarius adelaides,0
Postmonsoon,D5,Limnogonus fossarum,0
Postmonsoon,D5,Laccotrephes griseus,0
Postmonsoon,D5,Laccotrephes ruber,0
Postmonsoon,D5,Ranatra elongata,6
Postmonsoon,D5,Ranatra filiformis,6
Postmonsoon,D5,Ranatra varipes,12
Postmonsoon,D5,Anisops campbelli,0
Postmonsoon,D5,Euphlyctis cyanophlyctis,0
Postmonsoon,D5,Lissemys punctata,0
Postmonsoon,D5,Big fish juveniles,0
Postmonsoon,D5,Parambassis baculis,1
Postmonsoon,D5,Dendrocygna javanica,0
Postmonsoon,D5,Aplocheilus panchax,1
Postmonsoon,D5,Badis badis,7
Postmonsoon,D5,Puntius vittatus,7
Postmonsoon,D5,Rasbora daniconius,1
Postmonsoon,D5,Pethia phutunio,7
Postmonsoon,D5,Pila globosa,0
Postmonsoon,D5,Filopaludina bengalensis,0
Postmonsoon,D5,Idiopoma dissimilis,0
Postmonsoon,D5,Melanoides tuberculata,0
Postmonsoon,D5,Tarebia lineata,0
Postmonsoon,D5,Bithynia pulchella,0
Postmonsoon,D5,Gabbia orcula,0
Postmonsoon,D5,Radix rufescens,0
Postmonsoon,D5,Racesina luteola,0
Postmonsoon,D5,Herbaceous aquatic plants,0
Postmonsoon,D5,Tadorna ferruginea,0
Postmonsoon,D5,Green Algae,0
Postmonsoon,D5,Gyraulus barrackporensis,0
Postmonsoon,D5,Gyraulus convexiusculus,0
Postmonsoon,D5,Gyraulus euphraticus,0
Postmonsoon,D5,Indoplanorbis exustus,0
Postmonsoon,D5,Macrobrachium malcolmsonii,9
Postmonsoon,D5,Macrobrachium rosenbergii,9
Postmonsoon,D5,Macrobrachium rude,0
Postmonsoon,D5,Macrobrachium equidens,0
Postmonsoon,D5,Hydrovatus confertus,0
Postmonsoon,D5,Nettapus coromandelianus,0
Postmonsoon,D5,Spatula querquedula,0
Postmonsoon,D5,Anas poecilorhyncha,0
Postmonsoon,D5,Anas acuta,0
Postmonsoon,D5,Netta rufina,0
Postmonsoon,D5,Tachybaptus ruficollis,0
Postmonsoon,D5,Tadploes,0
Postmonsoon,D5,Centropus bengalensis,0
Postmonsoon,D5,Microhyla mymensinghensis,0
Postmonsoon,D5,Polypedates maculatus,0
Postmonsoon,D5,Gallinula chloropus,0
Postmonsoon,D5,Fulica atra,0
Postmonsoon,D5,Porphyrio poliocephalus,0
Postmonsoon,D5,Amaurornis phoenicurus,0
Postmonsoon,D5,Himantopus himantopus,0
Postmonsoon,D5,Pluvialis fulva,0
Postmonsoon,D5,Charadrius dubius,0
Postmonsoon,D5,Vanellus malabaricus,0
Postmonsoon,D5,Vanellus indicus,0
Postmonsoon,D5,Metopidius indicus,0
Postmonsoon,D5,Hydrophasianus chirurgus,0
Postmonsoon,D5,Numenius arquata,0
Postmonsoon,D5,Calidris minuta,0
Postmonsoon,D5,Xenus cinereus,0
Postmonsoon,D5,Tringa ochropus,0
Postmonsoon,D5,Tringa nebularia,0
Postmonsoon,D5,Tringa stagnatilis,0
Postmonsoon,D5,Tringa glareola,0
Postmonsoon,D5,Tringa tetanus,0
Postmonsoon,D5,Chroicocephalus brunnicephalus,0
Postmonsoon,D5,Sternula albifrons,0
Postmonsoon,D5,Chlidonias hybrida,0
Postmonsoon,D5,Sterna aurantia,0
Postmonsoon,D5,Anastomus oscitans,0
Postmonsoon,D5,Mycteria leucocephala,0
Postmonsoon,D5,Anhinga melanogaster,0
Postmonsoon,D5,Microcarbo niger,0
Postmonsoon,D5,Phalacrocorax fuscicollis,0
Postmonsoon,D5,Ardea cinerea,0
Postmonsoon,D5,Ardea purpurea,0
Postmonsoon,D5,Enhydris enhydris,0
Postmonsoon,D5,Fowlea piscator,0
Postmonsoon,D5,Ardea alba,0
Postmonsoon,D5,Ardea intermedia,0
Postmonsoon,D5,Egretta garzetta,0
Postmonsoon,D5,Bubulcus ibis,0
Postmonsoon,D5,Ardeola grayii,0
Postmonsoon,D5,Nycticorax nycticorax,0
Postmonsoon,D5,Plegadis falcinellus,0
Postmonsoon,D5,Threskiornis melanocephalus,0
Postmonsoon,D5,Haliaeetus leucogaster,0
Postmonsoon,D5,Naja naja,0
Postmonsoon,D5,Spilornis cheela,0
Postmonsoon,D5,Circus aeruginosus,0
Postmonsoon,D5,Carp sp.,0
Postmonsoon,D5,Alcedo atthis,0
Postmonsoon,D5,Halcyon smyrnensis,0
Postmonsoon,D5,Ceryle rudis,0
Postmonsoon,D5,Odonata sp.,0
Postmonsoon,D5,Merops orientalis,0
Postmonsoon,D5,Merops philippinus,0
Postmonsoon,D5,Coracias benghalensis,0
Postmonsoon,D5,Oriolus kundoo,0
Postmonsoon,D5,Oriolus xanthornus,0
Postmonsoon,D5,Dicrurus caerulescens,0
Postmonsoon,D5,Hirundo rustica,0
Postmonsoon,D5,Acridotheres ginginianus,0
Postmonsoon,D5,Motacilla citreola,0
Postmonsoon,D5,Motacilla tschutschensis,0
Postmonsoon,D5,Motacilla alba,0
Postmonsoon,D5,Varanus bengalensis,0
Postmonsoon,D5,Detritus,0
Postmonsoon,D5,Mosquito larvae,0
Postmonsoon,D5,Arcella discoides,0
Postmonsoon,D5,Centropyxis aculeata,0
Postmonsoon,D5,Brachionus calyciflorus,0
Postmonsoon,D5,Brachionus forficula,0
Postmonsoon,D5,Keratella lenzi,0
Postmonsoon,D5,Lecane aculeata,0
Postmonsoon,D5,Lecane bulla,0
Postmonsoon,D5,Asplanchna brightwelli,0
Postmonsoon,D5,Mesocyclops leukarti,0
Postmonsoon,D5,Scapholeberis kingi,0
Postmonsoon,D5,Macrothrix spinosa,0
Postmonsoon,D5,Macrothrix goeldi,0
Postmonsoon,D5,Alona pulchella,0
Postmonsoon,D5,Coronatella rectangula,0
Postmonsoon,D6,Channa punctata,0
Postmonsoon,D6,Felis chaus,0
Postmonsoon,D6,Channa striata,0
Postmonsoon,D6,Mystus tengara,0
Postmonsoon,D6,Mystus vittatus,0
Postmonsoon,D6,Glossogobius giuris,0
Postmonsoon,D6,Oreochromis niloticus,0
Postmonsoon,D6,Duttaphrynus melanostictus,0
Postmonsoon,D6,Minervarya agricola,0
Postmonsoon,D6,Hoplobatrachus tigerinus,0
Postmonsoon,D6,Netuma thalassina,0
Postmonsoon,D6,Prionailurus viverrinus,0
Postmonsoon,D6,Macrognathus pancalus,0
Postmonsoon,D6,Xenentodon cancila,0
Postmonsoon,D6,Channa gachua,0
Postmonsoon,D6,Heteropneustes fossilis,0
Postmonsoon,D6,Mastacembelus armatus,0
Postmonsoon,D6,Notopterus notopterus,0
Postmonsoon,D6,Trichogaster lalius,0
Postmonsoon,D6,Trichogaster fasciata,1
Postmonsoon,D6,Diplonychus annulatus,3
Postmonsoon,D6,Diplonychus rusticus,5
Postmonsoon,D6,Aquarius adelaides,0
Postmonsoon,D6,Limnogonus fossarum,0
Postmonsoon,D6,Laccotrephes griseus,0
Postmonsoon,D6,Laccotrephes ruber,0
Postmonsoon,D6,Ranatra elongata,18
Postmonsoon,D6,Ranatra filiformis,18
Postmonsoon,D6,Ranatra varipes,15
Postmonsoon,D6,Anisops campbelli,0
Postmonsoon,D6,Euphlyctis cyanophlyctis,0
Postmonsoon,D6,Lissemys punctata,0
Postmonsoon,D6,Big fish juveniles,0
Postmonsoon,D6,Parambassis baculis,3
Postmonsoon,D6,Dendrocygna javanica,0
Postmonsoon,D6,Aplocheilus panchax,3
Postmonsoon,D6,Badis badis,3
Postmonsoon,D6,Puntius vittatus,3
Postmonsoon,D6,Rasbora daniconius,3
Postmonsoon,D6,Pethia phutunio,3
Postmonsoon,D6,Pila globosa,0
Postmonsoon,D6,Filopaludina bengalensis,0
Postmonsoon,D6,Idiopoma dissimilis,0
Postmonsoon,D6,Melanoides tuberculata,0
Postmonsoon,D6,Tarebia lineata,0
Postmonsoon,D6,Bithynia pulchella,0
Postmonsoon,D6,Gabbia orcula,0
Postmonsoon,D6,Radix rufescens,0
Postmonsoon,D6,Racesina luteola,0
Postmonsoon,D6,Herbaceous aquatic plants,0
Postmonsoon,D6,Tadorna ferruginea,0
Postmonsoon,D6,Green Algae,0
Postmonsoon,D6,Gyraulus barrackporensis,0
Postmonsoon,D6,Gyraulus convexiusculus,0
Postmonsoon,D6,Gyraulus euphraticus,0
Postmonsoon,D6,Indoplanorbis exustus,0
Postmonsoon,D6,Macrobrachium malcolmsonii,0
Postmonsoon,D6,Macrobrachium rosenbergii,0
Postmonsoon,D6,Macrobrachium rude,0
Postmonsoon,D6,Macrobrachium equidens,0
Postmonsoon,D6,Hydrovatus confertus,0
Postmonsoon,D6,Nettapus coromandelianus,0
Postmonsoon,D6,Spatula querquedula,0
Postmonsoon,D6,Anas poecilorhyncha,0
Postmonsoon,D6,Anas acuta,0
Postmonsoon,D6,Netta rufina,0
Postmonsoon,D6,Tachybaptus ruficollis,0
Postmonsoon,D6,Tadploes,0
Postmonsoon,D6,Centropus bengalensis,0
Postmonsoon,D6,Microhyla mymensinghensis,0
Postmonsoon,D6,Polypedates maculatus,0
Postmonsoon,D6,Gallinula chloropus,0
Postmonsoon,D6,Fulica atra,0
Postmonsoon,D6,Porphyrio poliocephalus,0
Postmonsoon,D6,Amaurornis phoenicurus,0
Postmonsoon,D6,Himantopus himantopus,0
Postmonsoon,D6,Pluvialis fulva,0
Postmonsoon,D6,Charadrius dubius,0
Postmonsoon,D6,Vanellus malabaricus,0
Postmonsoon,D6,Vanellus indicus,0
Postmonsoon,D6,Metopidius indicus,0
Postmonsoon,D6,Hydrophasianus chirurgus,0
Postmonsoon,D6,Numenius arquata,0
Postmonsoon,D6,Calidris minuta,0
Postmonsoon,D6,Xenus cinereus,0
Postmonsoon,D6,Tringa ochropus,0
Postmonsoon,D6,Tringa nebularia,0
Postmonsoon,D6,Tringa stagnatilis,0
Postmonsoon,D6,Tringa glareola,0
Postmonsoon,D6,Tringa tetanus,0
Postmonsoon,D6,Chroicocephalus brunnicephalus,0
Postmonsoon,D6,Sternula albifrons,0
Postmonsoon,D6,Chlidonias hybrida,0
Postmonsoon,D6,Sterna aurantia,0
Postmonsoon,D6,Anastomus oscitans,0
Postmonsoon,D6,Mycteria leucocephala,0
Postmonsoon,D6,Anhinga melanogaster,0
Postmonsoon,D6,Microcarbo niger,0
Postmonsoon,D6,Phalacrocorax fuscicollis,0
Postmonsoon,D6,Ardea cinerea,0
Postmonsoon,D6,Ardea purpurea,0
Postmonsoon,D6,Enhydris enhydris,0
Postmonsoon,D6,Fowlea piscator,0
Postmonsoon,D6,Ardea alba,0
Postmonsoon,D6,Ardea intermedia,0
Postmonsoon,D6,Egretta garzetta,0
Postmonsoon,D6,Bubulcus ibis,0
Postmonsoon,D6,Ardeola grayii,0
Postmonsoon,D6,Nycticorax nycticorax,0
Postmonsoon,D6,Plegadis falcinellus,0
Postmonsoon,D6,Threskiornis melanocephalus,0
Postmonsoon,D6,Haliaeetus leucogaster,0
Postmonsoon,D6,Naja naja,0
Postmonsoon,D6,Spilornis cheela,0
Postmonsoon,D6,Circus aeruginosus,0
Postmonsoon,D6,Carp sp.,0
Postmonsoon,D6,Alcedo atthis,0
Postmonsoon,D6,Halcyon smyrnensis,0
Postmonsoon,D6,Ceryle rudis,0
Postmonsoon,D6,Odonata sp.,0
Postmonsoon,D6,Merops orientalis,0
Postmonsoon,D6,Merops philippinus,0
Postmonsoon,D6,Coracias benghalensis,0
Postmonsoon,D6,Oriolus kundoo,0
Postmonsoon,D6,Oriolus xanthornus,0
Postmonsoon,D6,Dicrurus caerulescens,0
Postmonsoon,D6,Hirundo rustica,0
Postmonsoon,D6,Acridotheres ginginianus,0
Postmonsoon,D6,Motacilla citreola,0
Postmonsoon,D6,Motacilla tschutschensis,0
Postmonsoon,D6,Motacilla alba,0
Postmonsoon,D6,Varanus bengalensis,0
Postmonsoon,D6,Detritus,0
Postmonsoon,D6,Mosquito larvae,0
Postmonsoon,D6,Arcella discoides,0
Postmonsoon,D6,Centropyxis aculeata,0
Postmonsoon,D6,Brachionus calyciflorus,0
Postmonsoon,D6,Brachionus forficula,0
Postmonsoon,D6,Keratella lenzi,0
Postmonsoon,D6,Lecane aculeata,0
Postmonsoon,D6,Lecane bulla,0
Postmonsoon,D6,Asplanchna brightwelli,0
Postmonsoon,D6,Mesocyclops leukarti,0
Postmonsoon,D6,Scapholeberis kingi,0
Postmonsoon,D6,Macrothrix spinosa,0
Postmonsoon,D6,Macrothrix goeldi,0
Postmonsoon,D6,Alona pulchella,0
Postmonsoon,D6,Coronatella rectangula,0
Postmonsoon,D7,Channa punctata,1
Postmonsoon,D7,Felis chaus,0
Postmonsoon,D7,Channa striata,1
Postmonsoon,D7,Mystus tengara,0
Postmonsoon,D7,Mystus vittatus,0
Postmonsoon,D7,Glossogobius giuris,0
Postmonsoon,D7,Oreochromis niloticus,0
Postmonsoon,D7,Duttaphrynus melanostictus,0
Postmonsoon,D7,Minervarya agricola,0
Postmonsoon,D7,Hoplobatrachus tigerinus,0
Postmonsoon,D7,Netuma thalassina,1
Postmonsoon,D7,Prionailurus viverrinus,0
Postmonsoon,D7,Macrognathus pancalus,0
Postmonsoon,D7,Xenentodon cancila,0
Postmonsoon,D7,Channa gachua,0
Postmonsoon,D7,Heteropneustes fossilis,0
Postmonsoon,D7,Mastacembelus armatus,0
Postmonsoon,D7,Notopterus notopterus,0
Postmonsoon,D7,Trichogaster lalius,0
Postmonsoon,D7,Trichogaster fasciata,6
Postmonsoon,D7,Diplonychus annulatus,17
Postmonsoon,D7,Diplonychus rusticus,21
Postmonsoon,D7,Aquarius adelaides,0
Postmonsoon,D7,Limnogonus fossarum,0
Postmonsoon,D7,Laccotrephes griseus,0
Postmonsoon,D7,Laccotrephes ruber,0
Postmonsoon,D7,Ranatra elongata,16
Postmonsoon,D7,Ranatra filiformis,16
Postmonsoon,D7,Ranatra varipes,11
Postmonsoon,D7,Anisops campbelli,0
Postmonsoon,D7,Euphlyctis cyanophlyctis,0
Postmonsoon,D7,Lissemys punctata,0
Postmonsoon,D7,Big fish juveniles,0
Postmonsoon,D7,Parambassis baculis,5
Postmonsoon,D7,Dendrocygna javanica,0
Postmonsoon,D7,Aplocheilus panchax,5
Postmonsoon,D7,Badis badis,5
Postmonsoon,D7,Puntius vittatus,5
Postmonsoon,D7,Rasbora daniconius,5
Postmonsoon,D7,Pethia phutunio,5
Postmonsoon,D7,Pila globosa,0
Postmonsoon,D7,Filopaludina bengalensis,0
Postmonsoon,D7,Idiopoma dissimilis,0
Postmonsoon,D7,Melanoides tuberculata,0
Postmonsoon,D7,Tarebia lineata,0
Postmonsoon,D7,Bithynia pulchella,0
Postmonsoon,D7,Gabbia orcula,0
Postmonsoon,D7,Radix rufescens,0
Postmonsoon,D7,Racesina luteola,0
Postmonsoon,D7,Herbaceous aquatic plants,0
Postmonsoon,D7,Tadorna ferruginea,0
Postmonsoon,D7,Green Algae,0
Postmonsoon,D7,Gyraulus barrackporensis,0
Postmonsoon,D7,Gyraulus convexiusculus,0
Postmonsoon,D7,Gyraulus euphraticus,0
Postmonsoon,D7,Indoplanorbis exustus,0
Postmonsoon,D7,Macrobrachium malcolmsonii,0
Postmonsoon,D7,Macrobrachium rosenbergii,0
Postmonsoon,D7,Macrobrachium rude,0
Postmonsoon,D7,Macrobrachium equidens,0
Postmonsoon,D7,Hydrovatus confertus,0
Postmonsoon,D7,Nettapus coromandelianus,0
Postmonsoon,D7,Spatula querquedula,0
Postmonsoon,D7,Anas poecilorhyncha,0
Postmonsoon,D7,Anas acuta,0
Postmonsoon,D7,Netta rufina,0
Postmonsoon,D7,Tachybaptus ruficollis,0
Postmonsoon,D7,Tadploes,0
Postmonsoon,D7,Centropus bengalensis,0
Postmonsoon,D7,Microhyla mymensinghensis,0
Postmonsoon,D7,Polypedates maculatus,0
Postmonsoon,D7,Gallinula chloropus,0
Postmonsoon,D7,Fulica atra,0
Postmonsoon,D7,Porphyrio poliocephalus,0
Postmonsoon,D7,Amaurornis phoenicurus,0
Postmonsoon,D7,Himantopus himantopus,0
Postmonsoon,D7,Pluvialis fulva,0
Postmonsoon,D7,Charadrius dubius,0
Postmonsoon,D7,Vanellus malabaricus,0
Postmonsoon,D7,Vanellus indicus,0
Postmonsoon,D7,Metopidius indicus,0
Postmonsoon,D7,Hydrophasianus chirurgus,0
Postmonsoon,D7,Numenius arquata,0
Postmonsoon,D7,Calidris minuta,0
Postmonsoon,D7,Xenus cinereus,0
Postmonsoon,D7,Tringa ochropus,0
Postmonsoon,D7,Tringa nebularia,0
Postmonsoon,D7,Tringa stagnatilis,0
Postmonsoon,D7,Tringa glareola,0
Postmonsoon,D7,Tringa tetanus,0
Postmonsoon,D7,Chroicocephalus brunnicephalus,0
Postmonsoon,D7,Sternula albifrons,0
Postmonsoon,D7,Chlidonias hybrida,0
Postmonsoon,D7,Sterna aurantia,0
Postmonsoon,D7,Anastomus oscitans,0
Postmonsoon,D7,Mycteria leucocephala,0
Postmonsoon,D7,Anhinga melanogaster,0
Postmonsoon,D7,Microcarbo niger,0
Postmonsoon,D7,Phalacrocorax fuscicollis,0
Postmonsoon,D7,Ardea cinerea,0
Postmonsoon,D7,Ardea purpurea,0
Postmonsoon,D7,Enhydris enhydris,0
Postmonsoon,D7,Fowlea piscator,0
Postmonsoon,D7,Ardea alba,0
Postmonsoon,D7,Ardea intermedia,0
Postmonsoon,D7,Egretta garzetta,0
Postmonsoon,D7,Bubulcus ibis,0
Postmonsoon,D7,Ardeola grayii,0
Postmonsoon,D7,Nycticorax nycticorax,0
Postmonsoon,D7,Plegadis falcinellus,0
Postmonsoon,D7,Threskiornis melanocephalus,0
Postmonsoon,D7,Haliaeetus leucogaster,0
Postmonsoon,D7,Naja naja,0
Postmonsoon,D7,Spilornis cheela,0
Postmonsoon,D7,Circus aeruginosus,0
Postmonsoon,D7,Carp sp.,0
Postmonsoon,D7,Alcedo atthis,0
Postmonsoon,D7,Halcyon smyrnensis,0
Postmonsoon,D7,Ceryle rudis,0
Postmonsoon,D7,Odonata sp.,0
Postmonsoon,D7,Merops orientalis,0
Postmonsoon,D7,Merops philippinus,0
Postmonsoon,D7,Coracias benghalensis,0
Postmonsoon,D7,Oriolus kundoo,0
Postmonsoon,D7,Oriolus xanthornus,0
Postmonsoon,D7,Dicrurus caerulescens,0
Postmonsoon,D7,Hirundo rustica,0
Postmonsoon,D7,Acridotheres ginginianus,0
Postmonsoon,D7,Motacilla citreola,0
Postmonsoon,D7,Motacilla tschutschensis,0
Postmonsoon,D7,Motacilla alba,0
Postmonsoon,D7,Varanus bengalensis,0
Postmonsoon,D7,Detritus,0
Postmonsoon,D7,Mosquito larvae,0
Postmonsoon,D7,Arcella discoides,0
Postmonsoon,D7,Centropyxis aculeata,0
Postmonsoon,D7,Brachionus calyciflorus,0
Postmonsoon,D7,Brachionus forficula,0
Postmonsoon,D7,Keratella lenzi,0
Postmonsoon,D7,Lecane aculeata,0
Postmonsoon,D7,Lecane bulla,0
Postmonsoon,D7,Asplanchna brightwelli,0
Postmonsoon,D7,Mesocyclops leukarti,0
Postmonsoon,D7,Scapholeberis kingi,0
Postmonsoon,D7,Macrothrix spinosa,0
Postmonsoon,D7,Macrothrix goeldi,0
Postmonsoon,D7,Alona pulchella,0
Postmonsoon,D7,Coronatella rectangula,0
Postmonsoon,D8,Channa punctata,0
Postmonsoon,D8,Felis chaus,0
Postmonsoon,D8,Channa striata,0
Postmonsoon,D8,Mystus tengara,0
Postmonsoon,D8,Mystus vittatus,0
Postmonsoon,D8,Glossogobius giuris,0
Postmonsoon,D8,Oreochromis niloticus,0
Postmonsoon,D8,Duttaphrynus melanostictus,0
Postmonsoon,D8,Minervarya agricola,0
Postmonsoon,D8,Hoplobatrachus tigerinus,0
Postmonsoon,D8,Netuma thalassina,0
Postmonsoon,D8,Prionailurus viverrinus,0
Postmonsoon,D8,Macrognathus pancalus,0
Postmonsoon,D8,Xenentodon cancila,0
Postmonsoon,D8,Channa gachua,0
Postmonsoon,D8,Heteropneustes fossilis,0
Postmonsoon,D8,Mastacembelus armatus,0
Postmonsoon,D8,Notopterus notopterus,0
Postmonsoon,D8,Trichogaster lalius,0
Postmonsoon,D8,Trichogaster fasciata,12
Postmonsoon,D8,Diplonychus annulatus,0
Postmonsoon,D8,Diplonychus rusticus,0
Postmonsoon,D8,Aquarius adelaides,0
Postmonsoon,D8,Limnogonus fossarum,0
Postmonsoon,D8,Laccotrephes griseus,0
Postmonsoon,D8,Laccotrephes ruber,0
Postmonsoon,D8,Ranatra elongata,21
Postmonsoon,D8,Ranatra filiformis,21
Postmonsoon,D8,Ranatra varipes,15
Postmonsoon,D8,Anisops campbelli,0
Postmonsoon,D8,Euphlyctis cyanophlyctis,0
Postmonsoon,D8,Lissemys punctata,0
Postmonsoon,D8,Big fish juveniles,0
Postmonsoon,D8,Parambassis baculis,17
Postmonsoon,D8,Dendrocygna javanica,0
Postmonsoon,D8,Aplocheilus panchax,17
Postmonsoon,D8,Badis badis,17
Postmonsoon,D8,Puntius vittatus,17
Postmonsoon,D8,Rasbora daniconius,17
Postmonsoon,D8,Pethia phutunio,17
Postmonsoon,D8,Pila globosa,0
Postmonsoon,D8,Filopaludina bengalensis,0
Postmonsoon,D8,Idiopoma dissimilis,0
Postmonsoon,D8,Melanoides tuberculata,0
Postmonsoon,D8,Tarebia lineata,0
Postmonsoon,D8,Bithynia pulchella,0
Postmonsoon,D8,Gabbia orcula,0
Postmonsoon,D8,Radix rufescens,0
Postmonsoon,D8,Racesina luteola,0
Postmonsoon,D8,Herbaceous aquatic plants,0
Postmonsoon,D8,Tadorna ferruginea,0
Postmonsoon,D8,Green Algae,0
Postmonsoon,D8,Gyraulus barrackporensis,0
Postmonsoon,D8,Gyraulus convexiusculus,0
Postmonsoon,D8,Gyraulus euphraticus,0
Postmonsoon,D8,Indoplanorbis exustus,0
Postmonsoon,D8,Macrobrachium malcolmsonii,0
Postmonsoon,D8,Macrobrachium rosenbergii,0
Postmonsoon,D8,Macrobrachium rude,0
Postmonsoon,D8,Macrobrachium equidens,0
Postmonsoon,D8,Hydrovatus confertus,0
Postmonsoon,D8,Nettapus coromandelianus,0
Postmonsoon,D8,Spatula querquedula,0
Postmonsoon,D8,Anas poecilorhyncha,0
Postmonsoon,D8,Anas acuta,0
Postmonsoon,D8,Netta rufina,0
Postmonsoon,D8,Tachybaptus ruficollis,0
Postmonsoon,D8,Tadploes,0
Postmonsoon,D8,Centropus bengalensis,0
Postmonsoon,D8,Microhyla mymensinghensis,0
Postmonsoon,D8,Polypedates maculatus,0
Postmonsoon,D8,Gallinula chloropus,0
Postmonsoon,D8,Fulica atra,0
Postmonsoon,D8,Porphyrio poliocephalus,0
Postmonsoon,D8,Amaurornis phoenicurus,0
Postmonsoon,D8,Himantopus himantopus,0
Postmonsoon,D8,Pluvialis fulva,0
Postmonsoon,D8,Charadrius dubius,0
Postmonsoon,D8,Vanellus malabaricus,0
Postmonsoon,D8,Vanellus indicus,0
Postmonsoon,D8,Metopidius indicus,0
Postmonsoon,D8,Hydrophasianus chirurgus,0
Postmonsoon,D8,Numenius arquata,0
Postmonsoon,D8,Calidris minuta,0
Postmonsoon,D8,Xenus cinereus,0
Postmonsoon,D8,Tringa ochropus,0
Postmonsoon,D8,Tringa nebularia,0
Postmonsoon,D8,Tringa stagnatilis,0
Postmonsoon,D8,Tringa glareola,0
Postmonsoon,D8,Tringa tetanus,0
Postmonsoon,D8,Chroicocephalus brunnicephalus,0
Postmonsoon,D8,Sternula albifrons,0
Postmonsoon,D8,Chlidonias hybrida,0
Postmonsoon,D8,Sterna aurantia,0
Postmonsoon,D8,Anastomus oscitans,0
Postmonsoon,D8,Mycteria leucocephala,0
Postmonsoon,D8,Anhinga melanogaster,0
Postmonsoon,D8,Microcarbo niger,0
Postmonsoon,D8,Phalacrocorax fuscicollis,0
Postmonsoon,D8,Ardea cinerea,0
Postmonsoon,D8,Ardea purpurea,0
Postmonsoon,D8,Enhydris enhydris,0
Postmonsoon,D8,Fowlea piscator,0
Postmonsoon,D8,Ardea alba,0
Postmonsoon,D8,Ardea intermedia,0
Postmonsoon,D8,Egretta garzetta,0
Postmonsoon,D8,Bubulcus ibis,0
Postmonsoon,D8,Ardeola grayii,0
Postmonsoon,D8,Nycticorax nycticorax,0
Postmonsoon,D8,Plegadis falcinellus,0
Postmonsoon,D8,Threskiornis melanocephalus,0
Postmonsoon,D8,Haliaeetus leucogaster,0
Postmonsoon,D8,Naja naja,0
Postmonsoon,D8,Spilornis cheela,0
Postmonsoon,D8,Circus aeruginosus,0
Postmonsoon,D8,Carp sp.,0
Postmonsoon,D8,Alcedo atthis,0
Postmonsoon,D8,Halcyon smyrnensis,0
Postmonsoon,D8,Ceryle rudis,0
Postmonsoon,D8,Odonata sp.,0
Postmonsoon,D8,Merops orientalis,0
Postmonsoon,D8,Merops philippinus,0
Postmonsoon,D8,Coracias benghalensis,0
Postmonsoon,D8,Oriolus kundoo,0
Postmonsoon,D8,Oriolus xanthornus,0
Postmonsoon,D8,Dicrurus caerulescens,0
Postmonsoon,D8,Hirundo rustica,0
Postmonsoon,D8,Acridotheres ginginianus,0
Postmonsoon,D8,Motacilla citreola,0
Postmonsoon,D8,Motacilla tschutschensis,0
Postmonsoon,D8,Motacilla alba,0
Postmonsoon,D8,Varanus bengalensis,0
Postmonsoon,D8,Detritus,0
Postmonsoon,D8,Mosquito larvae,0
Postmonsoon,D8,Arcella discoides,0
Postmonsoon,D8,Centropyxis aculeata,0
Postmonsoon,D8,Brachionus calyciflorus,0
Postmonsoon,D8,Brachionus forficula,0
Postmonsoon,D8,Keratella lenzi,0
Postmonsoon,D8,Lecane aculeata,0
Postmonsoon,D8,Lecane bulla,0
Postmonsoon,D8,Asplanchna brightwelli,0
Postmonsoon,D8,Mesocyclops leukarti,0
Postmonsoon,D8,Scapholeberis kingi,0
Postmonsoon,D8,Macrothrix spinosa,0
Postmonsoon,D8,Macrothrix goeldi,0
Postmonsoon,D8,Alona pulchella,0
Postmonsoon,D8,Coronatella rectangula,0
Monsoon,S1,Channa punctata,350
Monsoon,S1,Felis chaus,302
Monsoon,S1,Channa striata,350
Monsoon,S1,Mystus tengara,126
Monsoon,S1,Mystus vittatus,118
Monsoon,S1,Glossogobius giuris,272
Monsoon,S1,Oreochromis niloticus,191
Monsoon,S1,Duttaphrynus melanostictus,326
Monsoon,S1,Duttaphrynus scaber,316
Monsoon,S1,Fejervarya orissaensis,147
Monsoon,S1,Minervarya agricola,414
Monsoon,S1,Hoplobatrachus tigerinus,187
Monsoon,S1,Hoplobatrachus crassus,144
Monsoon,S1,Netuma thalassina,460
Monsoon,S1,Prionailurus viverrinus,424
Monsoon,S1,Macrognathus pancalus,245
Monsoon,S1,Xenentodon cancila,97
Monsoon,S1,Channa gachua,304
Monsoon,S1,Heteropneustes fossilis,162
Monsoon,S1,Mastacembelus armatus,182
Monsoon,S1,Notopterus notopterus,242
Monsoon,S1,Trichogaster lalius,551
Monsoon,S1,Trichogaster fasciata,560
Monsoon,S1,Diplonychus annulatus,261
Monsoon,S1,Diplonychus rusticus,258
Monsoon,S1,Aquarius adelaides,252
Monsoon,S1,Limnogonus fossarum,252
Monsoon,S1,Laccotrephes griseus,252
Monsoon,S1,Laccotrephes ruber,252
Monsoon,S1,Ranatra elongata,279
Monsoon,S1,Ranatra filiformis,324
Monsoon,S1,Ranatra varipes,338
Monsoon,S1,Anisops campbelli,468
Monsoon,S1,Euphlyctis cyanophlyctis,114
Monsoon,S1,Lissemys punctata,152
Monsoon,S1,Big fish juveniles,604
Monsoon,S1,Parambassis baculis,119
Monsoon,S1,Dendrocygna javanica,433
Monsoon,S1,Aplocheilus panchax,96
Monsoon,S1,Badis badis,554
Monsoon,S1,Puntius vittatus,186
Monsoon,S1,Rasbora daniconius,284
Monsoon,S1,Pethia phutunio,554
Monsoon,S1,Pila globosa,123
Monsoon,S1,Filopaludina bengalensis,123
Monsoon,S1,Idiopoma dissimilis,1
Monsoon,S1,Melanoides tuberculata,123
Monsoon,S1,Tarebia lineata,123
Monsoon,S1,Bithynia pulchella,123
Monsoon,S1,Gabbia orcula,123
Monsoon,S1,Radix rufescens,123
Monsoon,S1,Racesina luteola,123
Monsoon,S1,Herbaceous aquatic plants,220
Monsoon,S1,Tachybaptus ruficollis,148
Monsoon,S1,Gyraulus barrackporensis,129
Monsoon,S1,Gyraulus convexiusculus,129
Monsoon,S1,Gyraulus euphraticus,129
Monsoon,S1,Indoplanorbis exustus,124
Monsoon,S1,Tadploes,167
Monsoon,S1,Macrobrachium malcolmsonii,157
Monsoon,S1,Macrobrachium rosenbergii,157
Monsoon,S1,Macrobrachium rude,287
Monsoon,S1,Macrobrachium equidens,169
Monsoon,S1,Hydrovatus confertus,267
Monsoon,S1,Centropus bengalensis,49
Monsoon,S1,Minervarya pierrei,405
Monsoon,S1,Sphaerotheca breviceps,102
Monsoon,S1,Sphaerotheca rolandae,102
Monsoon,S1,Microhyla mymensinghensis,128
Monsoon,S1,Uperodon systoma,141
Monsoon,S1,Hylarana tytleri,141
Monsoon,S1,Polypedates maculatus,115
Monsoon,S1,Porphyrio poliocephalus,35
Monsoon,S1,Amaurornis phoenicurus,124
Monsoon,S1,Himantopus himantopus,47
Monsoon,S1,Vanellus indicus,47
Monsoon,S1,Metopidius indicus,35
Monsoon,S1,Anastomus oscitans,258
Monsoon,S1,Mycteria leucocephala,386
Monsoon,S1,Microcarbo niger,393
Monsoon,S1,Ardea purpurea,162
Monsoon,S1,Enhydris enhydris,337
Monsoon,S1,Fowlea piscator,283
Monsoon,S1,Ardea alba,164
Monsoon,S1,Ardea intermedia,164
Monsoon,S1,Egretta garzetta,174
Monsoon,S1,Bubulcus ibis,114
Monsoon,S1,Ardeola grayii,174
Monsoon,S1,Nycticorax nycticorax,164
Monsoon,S1,Haliaeetus leucogaster,527
Monsoon,S1,Bungarus fasciatus,367
Monsoon,S1,Naja naja,220
Monsoon,S1,Spilornis cheela,65
Monsoon,S1,Alcedo atthis,138
Monsoon,S1,Halcyon smyrnensis,138
Monsoon,S1,Ceryle rudis,138
Monsoon,S1,Odonata sp.,134
Monsoon,S1,Merops orientalis,15
Monsoon,S1,Merops philippinus,15
Monsoon,S1,Coracias benghalensis,235
Monsoon,S1,Oriolus kundoo,15
Monsoon,S1,Oriolus xanthornus,15
Monsoon,S1,Hirundo rustica,23
Monsoon,S1,Acridotheres ginginianus,204
Monsoon,S1,Motacilla citreola,23
Monsoon,S1,Varanus bengalensis,213
Monsoon,S1,Detritus,389
Monsoon,S1,Mosquito larvae,509
Monsoon,S1,Arcella discoides,216
Monsoon,S1,Centropyxis aculeata,216
Monsoon,S1,Brachionus calyciflorus,283
Monsoon,S1,Brachionus forficula,283
Monsoon,S1,Keratella lenzi,283
Monsoon,S1,Lecane aculeata,283
Monsoon,S1,Lecane bulla,283
Monsoon,S1,Asplanchna brightwelli,216
Monsoon,S1,Mesocyclops leukarti,242
Monsoon,S1,Scapholeberis kingi,242
Monsoon,S1,Macrothrix spinosa,216
Monsoon,S1,Macrothrix goeldi,216
Monsoon,S1,Alona pulchella,216
Monsoon,S1,Coronatella rectangula,216
Monsoon,S1,Green Algae,293
Monsoon,S1,Carp sp.,0
Monsoon,S2,Channa punctata,528
Monsoon,S2,Felis chaus,15
Monsoon,S2,Channa striata,528
Monsoon,S2,Mystus tengara,15
Monsoon,S2,Mystus vittatus,31
Monsoon,S2,Glossogobius giuris,323
Monsoon,S2,Oreochromis niloticus,116
Monsoon,S2,Duttaphrynus melanostictus,218
Monsoon,S2,Duttaphrynus scaber,205
Monsoon,S2,Fejervarya orissaensis,253
Monsoon,S2,Minervarya agricola,258
Monsoon,S2,Hoplobatrachus tigerinus,516
Monsoon,S2,Hoplobatrachus crassus,355
Monsoon,S2,Netuma thalassina,205
Monsoon,S2,Prionailurus viverrinus,264
Monsoon,S2,Macrognathus pancalus,345
Monsoon,S2,Xenentodon cancila,121
Monsoon,S2,Channa gachua,581
Monsoon,S2,Heteropneustes fossilis,51
Monsoon,S2,Mastacembelus armatus,253
Monsoon,S2,Notopterus notopterus,395
Monsoon,S2,Trichogaster lalius,168
Monsoon,S2,Trichogaster fasciata,338
Monsoon,S2,Diplonychus annulatus,779
Monsoon,S2,Diplonychus rusticus,724
Monsoon,S2,Aquarius adelaides,652
Monsoon,S2,Limnogonus fossarum,652
Monsoon,S2,Laccotrephes griseus,652
Monsoon,S2,Laccotrephes ruber,652
Monsoon,S2,Ranatra elongata,572
Monsoon,S2,Ranatra filiformis,576
Monsoon,S2,Ranatra varipes,660
Monsoon,S2,Anisops campbelli,675
Monsoon,S2,Euphlyctis cyanophlyctis,213
Monsoon,S2,Lissemys punctata,399
Monsoon,S2,Big fish juveniles,181
Monsoon,S2,Parambassis baculis,219
Monsoon,S2,Dendrocygna javanica,176
Monsoon,S2,Aplocheilus panchax,227
Monsoon,S2,Badis badis,343
Monsoon,S2,Puntius vittatus,291
Monsoon,S2,Rasbora daniconius,261
Monsoon,S2,Pethia phutunio,343
Monsoon,S2,Pila globosa,49
Monsoon,S2,Filopaludina bengalensis,49
Monsoon,S2,Idiopoma dissimilis,1
Monsoon,S2,Melanoides tuberculata,49
Monsoon,S2,Tarebia lineata,49
Monsoon,S2,Bithynia pulchella,49
Monsoon,S2,Gabbia orcula,49
Monsoon,S2,Radix rufescens,49
Monsoon,S2,Racesina luteola,49
Monsoon,S2,Herbaceous aquatic plants,151
Monsoon,S2,Tachybaptus ruficollis,131
Monsoon,S2,Gyraulus barrackporensis,41
Monsoon,S2,Gyraulus convexiusculus,41
Monsoon,S2,Gyraulus euphraticus,41
Monsoon,S2,Indoplanorbis exustus,37
Monsoon,S2,Tadploes,18
Monsoon,S2,Macrobrachium malcolmsonii,238
Monsoon,S2,Macrobrachium rosenbergii,238
Monsoon,S2,Macrobrachium rude,111
Monsoon,S2,Macrobrachium equidens,84
Monsoon,S2,Hydrovatus confertus,634
Monsoon,S2,Centropus bengalensis,252
Monsoon,S2,Minervarya pierrei,285
Monsoon,S2,Sphaerotheca breviceps,168
Monsoon,S2,Sphaerotheca rolandae,168
Monsoon,S2,Microhyla mymensinghensis,233
Monsoon,S2,Uperodon systoma,237
Monsoon,S2,Hylarana tytleri,237
Monsoon,S2,Polypedates maculatus,204
Monsoon,S2,Porphyrio poliocephalus,43
Monsoon,S2,Amaurornis phoenicurus,108
Monsoon,S2,Himantopus himantopus,31
Monsoon,S2,Vanellus indicus,31
Monsoon,S2,Metopidius indicus,43
Monsoon,S2,Anastomus oscitans,24
Monsoon,S2,Mycteria leucocephala,485
Monsoon,S2,Microcarbo niger,31
Monsoon,S2,Ardea purpurea,300
Monsoon,S2,Enhydris enhydris,67
Monsoon,S2,Fowlea piscator,53
Monsoon,S2,Ardea alba,267
Monsoon,S2,Ardea intermedia,267
Monsoon,S2,Egretta garzetta,301
Monsoon,S2,Bubulcus ibis,94
Monsoon,S2,Ardeola grayii,304
Monsoon,S2,Nycticorax nycticorax,267
Monsoon,S2,Haliaeetus leucogaster,131
Monsoon,S2,Bungarus fasciatus,44
Monsoon,S2,Naja naja,18
Monsoon,S2,Spilornis cheela,2
Monsoon,S2,Alcedo atthis,174
Monsoon,S2,Halcyon smyrnensis,174
Monsoon,S2,Ceryle rudis,174
Monsoon,S2,Odonata sp.,2
Monsoon,S2,Merops orientalis,0
Monsoon,S2,Merops philippinus,0
Monsoon,S2,Coracias benghalensis,34
Monsoon,S2,Oriolus kundoo,0
Monsoon,S2,Oriolus xanthornus,0
Monsoon,S2,Hirundo rustica,31
Monsoon,S2,Acridotheres ginginianus,19
Monsoon,S2,Motacilla citreola,31
Monsoon,S2,Varanus bengalensis,25
Monsoon,S2,Detritus,107
Monsoon,S2,Mosquito larvae,40
Monsoon,S2,Arcella discoides,20
Monsoon,S2,Centropyxis aculeata,20
Monsoon,S2,Brachionus calyciflorus,31
Monsoon,S2,Brachionus forficula,31
Monsoon,S2,Keratella lenzi,31
Monsoon,S2,Lecane aculeata,31
Monsoon,S2,Lecane bulla,31
Monsoon,S2,Asplanchna brightwelli,20
Monsoon,S2,Mesocyclops leukarti,24
Monsoon,S2,Scapholeberis kingi,24
Monsoon,S2,Macrothrix spinosa,20
Monsoon,S2,Macrothrix goeldi,20
Monsoon,S2,Alona pulchella,20
Monsoon,S2,Coronatella rectangula,20
Monsoon,S2,Green Algae,122
Monsoon,S2,Carp sp.,14
Monsoon,S4,Channa punctata,809
Monsoon,S4,Felis chaus,51
Monsoon,S4,Channa striata,809
Monsoon,S4,Mystus tengara,352
Monsoon,S4,Mystus vittatus,350
Monsoon,S4,Glossogobius giuris,627
Monsoon,S4,Oreochromis niloticus,529
Monsoon,S4,Duttaphrynus melanostictus,591
Monsoon,S4,Duttaphrynus scaber,573
Monsoon,S4,Fejervarya orissaensis,513
Monsoon,S4,Minervarya agricola,658
Monsoon,S4,Hoplobatrachus tigerinus,291
Monsoon,S4,Hoplobatrachus crassus,329
Monsoon,S4,Netuma thalassina,516
Monsoon,S4,Prionailurus viverrinus,219
Monsoon,S4,Macrognathus pancalus,972
Monsoon,S4,Xenentodon cancila,240
Monsoon,S4,Channa gachua,1033
Monsoon,S4,Heteropneustes fossilis,404
Monsoon,S4,Mastacembelus armatus,259
Monsoon,S4,Notopterus notopterus,1020
Monsoon,S4,Trichogaster lalius,968
Monsoon,S4,Trichogaster fasciata,946
Monsoon,S4,Diplonychus annulatus,443
Monsoon,S4,Diplonychus rusticus,443
Monsoon,S4,Aquarius adelaides,729
Monsoon,S4,Limnogonus fossarum,729
Monsoon,S4,Laccotrephes griseus,729
Monsoon,S4,Laccotrephes ruber,729
Monsoon,S4,Ranatra elongata,356
Monsoon,S4,Ranatra filiformis,361
Monsoon,S4,Ranatra varipes,377
Monsoon,S4,Anisops campbelli,716
Monsoon,S4,Euphlyctis cyanophlyctis,418
Monsoon,S4,Lissemys punctata,929
Monsoon,S4,Big fish juveniles,986
Monsoon,S4,Parambassis baculis,682
Monsoon,S4,Dendrocygna javanica,318
Monsoon,S4,Aplocheilus panchax,711
Monsoon,S4,Badis badis,892
Monsoon,S4,Puntius vittatus,685
Monsoon,S4,Rasbora daniconius,754
Monsoon,S4,Pethia phutunio,892
Monsoon,S4,Pila globosa,658
Monsoon,S4,Filopaludina bengalensis,658
Monsoon,S4,Idiopoma dissimilis,31
Monsoon,S4,Melanoides tuberculata,658
Monsoon,S4,Tarebia lineata,658
Monsoon,S4,Bithynia pulchella,658
Monsoon,S4,Gabbia orcula,658
Monsoon,S4,Radix rufescens,658
Monsoon,S4,Racesina luteola,658
Monsoon,S4,Herbaceous aquatic plants,348
Monsoon,S4,Tachybaptus ruficollis,506
Monsoon,S4,Gyraulus barrackporensis,635
Monsoon,S4,Gyraulus convexiusculus,635
Monsoon,S4,Gyraulus euphraticus,635
Monsoon,S4,Indoplanorbis exustus,591
Monsoon,S4,Tadploes,282
Monsoon,S4,Macrobrachium malcolmsonii,393
Monsoon,S4,Macrobrachium rosenbergii,393
Monsoon,S4,Macrobrachium rude,554
Monsoon,S4,Macrobrachium equidens,505
Monsoon,S4,Hydrovatus confertus,716
Monsoon,S4,Centropus bengalensis,405
Monsoon,S4,Minervarya pierrei,637
Monsoon,S4,Sphaerotheca breviceps,401
Monsoon,S4,Sphaerotheca rolandae,401
Monsoon,S4,Microhyla mymensinghensis,477
Monsoon,S4,Uperodon systoma,487
Monsoon,S4,Hylarana tytleri,487
Monsoon,S4,Polypedates maculatus,477
Monsoon,S4,Porphyrio poliocephalus,224
Monsoon,S4,Amaurornis phoenicurus,391
Monsoon,S4,Himantopus himantopus,213
Monsoon,S4,Vanellus indicus,213
Monsoon,S4,Metopidius indicus,224
Monsoon,S4,Anastomus oscitans,382
Monsoon,S4,Mycteria leucocephala,612
Monsoon,S4,Microcarbo niger,347
Monsoon,S4,Ardea purpurea,299
Monsoon,S4,Enhydris enhydris,195
Monsoon,S4,Fowlea piscator,161
Monsoon,S4,Ardea alba,265
Monsoon,S4,Ardea intermedia,265
Monsoon,S4,Egretta garzetta,373
Monsoon,S4,Bubulcus ibis,67
Monsoon,S4,Ardeola grayii,408
Monsoon,S4,Nycticorax nycticorax,265
Monsoon,S4,Haliaeetus leucogaster,192
Monsoon,S4,Bungarus fasciatus,237
Monsoon,S4,Naja naja,88
Monsoon,S4,Spilornis cheela,4
Monsoon,S4,Alcedo atthis,175
Monsoon,S4,Halcyon smyrnensis,175
Monsoon,S4,Ceryle rudis,175
Monsoon,S4,Odonata sp.,133
Monsoon,S4,Merops orientalis,0
Monsoon,S4,Merops philippinus,0
Monsoon,S4,Coracias benghalensis,100
Monsoon,S4,Oriolus kundoo,0
Monsoon,S4,Oriolus xanthornus,0
Monsoon,S4,Hirundo rustica,15
Monsoon,S4,Acridotheres ginginianus,72
Monsoon,S4,Motacilla citreola,15
Monsoon,S4,Varanus bengalensis,78
Monsoon,S4,Detritus,296
Monsoon,S4,Mosquito larvae,39
Monsoon,S4,Arcella discoides,295
Monsoon,S4,Centropyxis aculeata,295
Monsoon,S4,Brachionus calyciflorus,293
Monsoon,S4,Brachionus forficula,293
Monsoon,S4,Keratella lenzi,293
Monsoon,S4,Lecane aculeata,293
Monsoon,S4,Lecane bulla,293
Monsoon,S4,Asplanchna brightwelli,295
Monsoon,S4,Mesocyclops leukarti,305
Monsoon,S4,Scapholeberis kingi,305
Monsoon,S4,Macrothrix spinosa,295
Monsoon,S4,Macrothrix goeldi,295
Monsoon,S4,Alona pulchella,295
Monsoon,S4,Coronatella rectangula,295
Monsoon,S4,Green Algae,198
Monsoon,S4,Carp sp.,122
Monsoon,S5,Channa punctata,751
Monsoon,S5,Felis chaus,138
Monsoon,S5,Channa striata,751
Monsoon,S5,Mystus tengara,205
Monsoon,S5,Mystus vittatus,216
Monsoon,S5,Glossogobius giuris,910
Monsoon,S5,Oreochromis niloticus,780
Monsoon,S5,Duttaphrynus melanostictus,780
Monsoon,S5,Duttaphrynus scaber,775
Monsoon,S5,Fejervarya orissaensis,661
Monsoon,S5,Minervarya agricola,844
Monsoon,S5,Hoplobatrachus tigerinus,462
Monsoon,S5,Hoplobatrachus crassus,520
Monsoon,S5,Netuma thalassina,354
Monsoon,S5,Prionailurus viverrinus,536
Monsoon,S5,Macrognathus pancalus,984
Monsoon,S5,Xenentodon cancila,555
Monsoon,S5,Channa gachua,951
Monsoon,S5,Heteropneustes fossilis,282
Monsoon,S5,Mastacembelus armatus,683
Monsoon,S5,Notopterus notopterus,953
Monsoon,S5,Trichogaster lalius,576
Monsoon,S5,Trichogaster fasciata,842
Monsoon,S5,Diplonychus annulatus,1037
Monsoon,S5,Diplonychus rusticus,1037
Monsoon,S5,Aquarius adelaides,1040
Monsoon,S5,Limnogonus fossarum,1040
Monsoon,S5,Laccotrephes griseus,1040
Monsoon,S5,Laccotrephes ruber,1040
Monsoon,S5,Ranatra elongata,859
Monsoon,S5,Ranatra filiformis,859
Monsoon,S5,Ranatra varipes,884
Monsoon,S5,Anisops campbelli,1082
Monsoon,S5,Euphlyctis cyanophlyctis,566
Monsoon,S5,Lissemys punctata,1087
Monsoon,S5,Big fish juveniles,619
Monsoon,S5,Parambassis baculis,600
Monsoon,S5,Dendrocygna javanica,348
Monsoon,S5,Aplocheilus panchax,612
Monsoon,S5,Badis badis,754
Monsoon,S5,Puntius vittatus,612
Monsoon,S5,Rasbora daniconius,702
Monsoon,S5,Pethia phutunio,754
Monsoon,S5,Pila globosa,215
Monsoon,S5,Filopaludina bengalensis,215
Monsoon,S5,Idiopoma dissimilis,55
Monsoon,S5,Melanoides tuberculata,215
Monsoon,S5,Tarebia lineata,215
Monsoon,S5,Bithynia pulchella,215
Monsoon,S5,Gabbia orcula,215
Monsoon,S5,Radix rufescens,215
Monsoon,S5,Racesina luteola,215
Monsoon,S5,Herbaceous aquatic plants,255
Monsoon,S5,Tachybaptus ruficollis,1032
Monsoon,S5,Gyraulus barrackporensis,203
Monsoon,S5,Gyraulus convexiusculus,203
Monsoon,S5,Gyraulus euphraticus,203
Monsoon,S5,Indoplanorbis exustus,188
Monsoon,S5,Tadploes,128
Monsoon,S5,Macrobrachium malcolmsonii,517
Monsoon,S5,Macrobrachium rosenbergii,517
Monsoon,S5,Macrobrachium rude,217
Monsoon,S5,Macrobrachium equidens,152
Monsoon,S5,Hydrovatus confertus,1018
Monsoon,S5,Centropus bengalensis,854
Monsoon,S5,Minervarya pierrei,815
Monsoon,S5,Sphaerotheca breviceps,560
Monsoon,S5,Sphaerotheca rolandae,560
Monsoon,S5,Microhyla mymensinghensis,611
Monsoon,S5,Uperodon systoma,628
Monsoon,S5,Hylarana tytleri,628
Monsoon,S5,Polypedates maculatus,598
Monsoon,S5,Porphyrio poliocephalus,813
Monsoon,S5,Amaurornis phoenicurus,1008
Monsoon,S5,Himantopus himantopus,797
Monsoon,S5,Vanellus indicus,797
Monsoon,S5,Metopidius indicus,813
Monsoon,S5,Anastomus oscitans,641
Monsoon,S5,Mycteria leucocephala,733
Monsoon,S5,Microcarbo niger,582
Monsoon,S5,Ardea purpurea,842
Monsoon,S5,Enhydris enhydris,371
Monsoon,S5,Fowlea piscator,347
Monsoon,S5,Ardea alba,864
Monsoon,S5,Ardea intermedia,864
Monsoon,S5,Egretta garzetta,894
Monsoon,S5,Bubulcus ibis,759
Monsoon,S5,Ardeola grayii,902
Monsoon,S5,Nycticorax nycticorax,864
Monsoon,S5,Haliaeetus leucogaster,218
Monsoon,S5,Bungarus fasciatus,453
Monsoon,S5,Naja naja,241
Monsoon,S5,Spilornis cheela,11
Monsoon,S5,Alcedo atthis,849
Monsoon,S5,Halcyon smyrnensis,849
Monsoon,S5,Ceryle rudis,849
Monsoon,S5,Odonata sp.,218
Monsoon,S5,Merops orientalis,5
Monsoon,S5,Merops philippinus,5
Monsoon,S5,Coracias benghalensis,260
Monsoon,S5,Oriolus kundoo,5
Monsoon,S5,Oriolus xanthornus,5
Monsoon,S5,Hirundo rustica,562
Monsoon,S5,Acridotheres ginginianus,259
Monsoon,S5,Motacilla citreola,562
Monsoon,S5,Varanus bengalensis,258
Monsoon,S5,Detritus,299
Monsoon,S5,Mosquito larvae,60
Monsoon,S5,Arcella discoides,98
Monsoon,S5,Centropyxis aculeata,98
Monsoon,S5,Brachionus calyciflorus,116
Monsoon,S5,Brachionus forficula,116
Monsoon,S5,Keratella lenzi,116
Monsoon,S5,Lecane aculeata,116
Monsoon,S5,Lecane bulla,116
Monsoon,S5,Asplanchna brightwelli,98
Monsoon,S5,Mesocyclops leukarti,108
Monsoon,S5,Scapholeberis kingi,108
Monsoon,S5,Macrothrix spinosa,98
Monsoon,S5,Macrothrix goeldi,98
Monsoon,S5,Alona pulchella,98
Monsoon,S5,Coronatella rectangula,98
Monsoon,S5,Green Algae,256
Monsoon,S5,Carp sp.,263
Monsoon,D1,Channa punctata,33
Monsoon,D1,Felis chaus,0
Monsoon,D1,Channa striata,33
Monsoon,D1,Mystus tengara,0
Monsoon,D1,Mystus vittatus,0
Monsoon,D1,Glossogobius giuris,29
Monsoon,D1,Oreochromis niloticus,9
Monsoon,D1,Duttaphrynus melanostictus,9
Monsoon,D1,Duttaphrynus scaber,9
Monsoon,D1,Fejervarya orissaensis,9
Monsoon,D1,Minervarya agricola,9
Monsoon,D1,Hoplobatrachus tigerinus,12
Monsoon,D1,Hoplobatrachus crassus,12
Monsoon,D1,Netuma thalassina,8
Monsoon,D1,Prionailurus viverrinus,13
Monsoon,D1,Macrognathus pancalus,29
Monsoon,D1,Xenentodon cancila,9
Monsoon,D1,Channa gachua,29
Monsoon,D1,Heteropneustes fossilis,0
Monsoon,D1,Mastacembelus armatus,29
Monsoon,D1,Notopterus notopterus,26
Monsoon,D1,Trichogaster lalius,0
Monsoon,D1,Trichogaster fasciata,46
Monsoon,D1,Diplonychus annulatus,148
Monsoon,D1,Diplonychus rusticus,196
Monsoon,D1,Aquarius adelaides,0
Monsoon,D1,Limnogonus fossarum,0
Monsoon,D1,Laccotrephes griseus,0
Monsoon,D1,Laccotrephes ruber,0
Monsoon,D1,Ranatra elongata,335
Monsoon,D1,Ranatra filiformis,335
Monsoon,D1,Ranatra varipes,267
Monsoon,D1,Anisops campbelli,0
Monsoon,D1,Euphlyctis cyanophlyctis,9
Monsoon,D1,Lissemys punctata,29
Monsoon,D1,Big fish juveniles,0
Monsoon,D1,Parambassis baculis,61
Monsoon,D1,Dendrocygna javanica,2
Monsoon,D1,Aplocheilus panchax,64
Monsoon,D1,Badis badis,64
Monsoon,D1,Puntius vittatus,64
Monsoon,D1,Rasbora daniconius,64
Monsoon,D1,Pethia phutunio,64
Monsoon,D1,Pila globosa,0
Monsoon,D1,Filopaludina bengalensis,0
Monsoon,D1,Idiopoma dissimilis,0
Monsoon,D1,Melanoides tuberculata,0
Monsoon,D1,Tarebia lineata,0
Monsoon,D1,Bithynia pulchella,0
Monsoon,D1,Gabbia orcula,0
Monsoon,D1,Radix rufescens,0
Monsoon,D1,Racesina luteola,0
Monsoon,D1,Herbaceous aquatic plants,0
Monsoon,D1,Tachybaptus ruficollis,29
Monsoon,D1,Gyraulus barrackporensis,0
Monsoon,D1,Gyraulus convexiusculus,0
Monsoon,D1,Gyraulus euphraticus,0
Monsoon,D1,Indoplanorbis exustus,0
Monsoon,D1,Tadploes,0
Monsoon,D1,Macrobrachium malcolmsonii,9
Monsoon,D1,Macrobrachium rosenbergii,9
Monsoon,D1,Macrobrachium rude,0
Monsoon,D1,Macrobrachium equidens,0
Monsoon,D1,Hydrovatus confertus,0
Monsoon,D1,Centropus bengalensis,9
Monsoon,D1,Minervarya pierrei,9
Monsoon,D1,Sphaerotheca breviceps,9
Monsoon,D1,Sphaerotheca rolandae,9
Monsoon,D1,Microhyla mymensinghensis,9
Monsoon,D1,Uperodon systoma,9
Monsoon,D1,Hylarana tytleri,9
Monsoon,D1,Polypedates maculatus,9
Monsoon,D1,Porphyrio poliocephalus,9
Monsoon,D1,Amaurornis phoenicurus,29
Monsoon,D1,Himantopus himantopus,9
Monsoon,D1,Vanellus indicus,9
Monsoon,D1,Metopidius indicus,9
Monsoon,D1,Anastomus oscitans,0
Monsoon,D1,Mycteria leucocephala,31
Monsoon,D1,Microcarbo niger,0
Monsoon,D1,Ardea purpurea,31
Monsoon,D1,Enhydris enhydris,0
Monsoon,D1,Fowlea piscator,6
Monsoon,D1,Ardea alba,29
Monsoon,D1,Ardea intermedia,29
Monsoon,D1,Egretta garzetta,29
Monsoon,D1,Bubulcus ibis,29
Monsoon,D1,Ardeola grayii,29
Monsoon,D1,Nycticorax nycticorax,29
Monsoon,D1,Haliaeetus leucogaster,2
Monsoon,D1,Bungarus fasciatus,0
Monsoon,D1,Naja naja,0
Monsoon,D1,Spilornis cheela,0
Monsoon,D1,Alcedo atthis,29
Monsoon,D1,Halcyon smyrnensis,29
Monsoon,D1,Ceryle rudis,29
Monsoon,D1,Odonata sp.,0
Monsoon,D1,Merops orientalis,0
Monsoon,D1,Merops philippinus,0
Monsoon,D1,Coracias benghalensis,2
Monsoon,D1,Oriolus kundoo,0
Monsoon,D1,Oriolus xanthornus,0
Monsoon,D1,Hirundo rustica,9
Monsoon,D1,Acridotheres ginginianus,0
Monsoon,D1,Motacilla citreola,9
Monsoon,D1,Varanus bengalensis,2
Monsoon,D1,Detritus,0
Monsoon,D1,Mosquito larvae,0
Monsoon,D1,Arcella discoides,0
Monsoon,D1,Centropyxis aculeata,0
Monsoon,D1,Brachionus calyciflorus,0
Monsoon,D1,Brachionus forficula,0
Monsoon,D1,Keratella lenzi,0
Monsoon,D1,Lecane aculeata,0
Monsoon,D1,Lecane bulla,0
Monsoon,D1,Asplanchna brightwelli,0
Monsoon,D1,Mesocyclops leukarti,0
Monsoon,D1,Scapholeberis kingi,0
Monsoon,D1,Macrothrix spinosa,0
Monsoon,D1,Macrothrix goeldi,0
Monsoon,D1,Alona pulchella,0
Monsoon,D1,Coronatella rectangula,0
Monsoon,D1,Green Algae,0
Monsoon,D1,Carp sp.,0
Monsoon,D2,Channa punctata,35
Monsoon,D2,Felis chaus,0
Monsoon,D2,Channa striata,35
Monsoon,D2,Mystus tengara,2
Monsoon,D2,Mystus vittatus,2
Monsoon,D2,Glossogobius giuris,2
Monsoon,D2,Oreochromis niloticus,2
Monsoon,D2,Duttaphrynus melanostictus,1
Monsoon,D2,Duttaphrynus scaber,1
Monsoon,D2,Fejervarya orissaensis,4
Monsoon,D2,Minervarya agricola,2
Monsoon,D2,Hoplobatrachus tigerinus,19
Monsoon,D2,Hoplobatrachus crassus,12
Monsoon,D2,Netuma thalassina,70
Monsoon,D2,Prionailurus viverrinus,0
Monsoon,D2,Macrognathus pancalus,2
Monsoon,D2,Xenentodon cancila,2
Monsoon,D2,Channa gachua,2
Monsoon,D2,Heteropneustes fossilis,2
Monsoon,D2,Mastacembelus armatus,2
Monsoon,D2,Notopterus notopterus,2
Monsoon,D2,Trichogaster lalius,5
Monsoon,D2,Trichogaster fasciata,15
Monsoon,D2,Diplonychus annulatus,20
Monsoon,D2,Diplonychus rusticus,27
Monsoon,D2,Aquarius adelaides,29
Monsoon,D2,Limnogonus fossarum,29
Monsoon,D2,Laccotrephes griseus,29
Monsoon,D2,Laccotrephes ruber,29
Monsoon,D2,Ranatra elongata,72
Monsoon,D2,Ranatra filiformis,78
Monsoon,D2,Ranatra varipes,64
Monsoon,D2,Anisops campbelli,29
Monsoon,D2,Euphlyctis cyanophlyctis,4
Monsoon,D2,Lissemys punctata,0
Monsoon,D2,Big fish juveniles,5
Monsoon,D2,Parambassis baculis,22
Monsoon,D2,Dendrocygna javanica,0
Monsoon,D2,Aplocheilus panchax,20
Monsoon,D2,Badis badis,20
Monsoon,D2,Puntius vittatus,20
Monsoon,D2,Rasbora daniconius,22
Monsoon,D2,Pethia phutunio,20
Monsoon,D2,Pila globosa,2
Monsoon,D2,Filopaludina bengalensis,2
Monsoon,D2,Idiopoma dissimilis,0
Monsoon,D2,Melanoides tuberculata,2
Monsoon,D2,Tarebia lineata,2
Monsoon,D2,Bithynia pulchella,2
Monsoon,D2,Gabbia orcula,2
Monsoon,D2,Radix rufescens,2
Monsoon,D2,Racesina luteola,2
Monsoon,D2,Herbaceous aquatic plants,0
Monsoon,D2,Tachybaptus ruficollis,0
Monsoon,D2,Gyraulus barrackporensis,2
Monsoon,D2,Gyraulus convexiusculus,2
Monsoon,D2,Gyraulus euphraticus,2
Monsoon,D2,Indoplanorbis exustus,2
Monsoon,D2,Tadploes,3
Monsoon,D2,Macrobrachium malcolmsonii,2
Monsoon,D2,Macrobrachium rosenbergii,2
Monsoon,D2,Macrobrachium rude,2
Monsoon,D2,Macrobrachium equidens,2
Monsoon,D2,Hydrovatus confertus,29
Monsoon,D2,Centropus bengalensis,0
Monsoon,D2,Minervarya pierrei,4
Monsoon,D2,Sphaerotheca breviceps,1
Monsoon,D2,Sphaerotheca rolandae,1
Monsoon,D2,Microhyla mymensinghensis,2
Monsoon,D2,Uperodon systoma,4
Monsoon,D2,Hylarana tytleri,4
Monsoon,D2,Polypedates maculatus,1
Monsoon,D2,Porphyrio poliocephalus,0
Monsoon,D2,Amaurornis phoenicurus,0
Monsoon,D2,Himantopus himantopus,0
Monsoon,D2,Vanellus indicus,0
Monsoon,D2,Metopidius indicus,0
Monsoon,D2,Anastomus oscitans,0
Monsoon,D2,Mycteria leucocephala,0
Monsoon,D2,Microcarbo niger,0
Monsoon,D2,Ardea purpurea,0
Monsoon,D2,Enhydris enhydris,2
Monsoon,D2,Fowlea piscator,11
Monsoon,D2,Ardea alba,0
Monsoon,D2,Ardea intermedia,0
Monsoon,D2,Egretta garzetta,0
Monsoon,D2,Bubulcus ibis,0
Monsoon,D2,Ardeola grayii,0
Monsoon,D2,Nycticorax nycticorax,0
Monsoon,D2,Haliaeetus leucogaster,0
Monsoon,D2,Bungarus fasciatus,20
Monsoon,D2,Naja naja,0
Monsoon,D2,Spilornis cheela,0
Monsoon,D2,Alcedo atthis,0
Monsoon,D2,Halcyon smyrnensis,0
Monsoon,D2,Ceryle rudis,0
Monsoon,D2,Odonata sp.,0
Monsoon,D2,Merops orientalis,0
Monsoon,D2,Merops philippinus,0
Monsoon,D2,Coracias benghalensis,0
Monsoon,D2,Oriolus kundoo,0
Monsoon,D2,Oriolus xanthornus,0
Monsoon,D2,Hirundo rustica,0
Monsoon,D2,Acridotheres ginginianus,0
Monsoon,D2,Motacilla citreola,0
Monsoon,D2,Varanus bengalensis,0
Monsoon,D2,Detritus,0
Monsoon,D2,Mosquito larvae,10
Monsoon,D2,Arcella discoides,0
Monsoon,D2,Centropyxis aculeata,0
Monsoon,D2,Brachionus calyciflorus,0
Monsoon,D2,Brachionus forficula,0
Monsoon,D2,Keratella lenzi,0
Monsoon,D2,Lecane aculeata,0
Monsoon,D2,Lecane bulla,0
Monsoon,D2,Asplanchna brightwelli,0
Monsoon,D2,Mesocyclops leukarti,0
Monsoon,D2,Scapholeberis kingi,0
Monsoon,D2,Macrothrix spinosa,0
Monsoon,D2,Macrothrix goeldi,0
Monsoon,D2,Alona pulchella,0
Monsoon,D2,Coronatella rectangula,0
Monsoon,D2,Green Algae,0
Monsoon,D2,Carp sp.,0
Monsoon,D3,Channa punctata,1
Monsoon,D3,Felis chaus,6
Monsoon,D3,Channa striata,1
Monsoon,D3,Mystus tengara,0
Monsoon,D3,Mystus vittatus,0
Monsoon,D3,Glossogobius giuris,0
Monsoon,D3,Oreochromis niloticus,20
Monsoon,D3,Duttaphrynus melanostictus,20
Monsoon,D3,Duttaphrynus scaber,20
Monsoon,D3,Fejervarya orissaensis,20
Monsoon,D3,Minervarya agricola,20
Monsoon,D3,Hoplobatrachus tigerinus,55
Monsoon,D3,Hoplobatrachus crassus,55
Monsoon,D3,Netuma thalassina,22
Monsoon,D3,Prionailurus viverrinus,22
Monsoon,D3,Macrognathus pancalus,0
Monsoon,D3,Xenentodon cancila,20
Monsoon,D3,Channa gachua,4
Monsoon,D3,Heteropneustes fossilis,0
Monsoon,D3,Mastacembelus armatus,0
Monsoon,D3,Notopterus notopterus,3
Monsoon,D3,Trichogaster lalius,0
Monsoon,D3,Trichogaster fasciata,72
Monsoon,D3,Diplonychus annulatus,0
Monsoon,D3,Diplonychus rusticus,0
Monsoon,D3,Aquarius adelaides,0
Monsoon,D3,Limnogonus fossarum,0
Monsoon,D3,Laccotrephes griseus,0
Monsoon,D3,Laccotrephes ruber,0
Monsoon,D3,Ranatra elongata,232
Monsoon,D3,Ranatra filiformis,232
Monsoon,D3,Ranatra varipes,205
Monsoon,D3,Anisops campbelli,0
Monsoon,D3,Euphlyctis cyanophlyctis,20
Monsoon,D3,Lissemys punctata,4
Monsoon,D3,Big fish juveniles,0
Monsoon,D3,Parambassis baculis,106
Monsoon,D3,Dendrocygna javanica,20
Monsoon,D3,Aplocheilus panchax,103
Monsoon,D3,Badis badis,97
Monsoon,D3,Puntius vittatus,97
Monsoon,D3,Rasbora daniconius,103
Monsoon,D3,Pethia phutunio,97
Monsoon,D3,Pila globosa,0
Monsoon,D3,Filopaludina bengalensis,0
Monsoon,D3,Idiopoma dissimilis,0
Monsoon,D3,Melanoides tuberculata,0
Monsoon,D3,Tarebia lineata,0
Monsoon,D3,Bithynia pulchella,0
Monsoon,D3,Gabbia orcula,0
Monsoon,D3,Radix rufescens,0
Monsoon,D3,Racesina luteola,0
Monsoon,D3,Herbaceous aquatic plants,0
Monsoon,D3,Tachybaptus ruficollis,0
Monsoon,D3,Gyraulus barrackporensis,0
Monsoon,D3,Gyraulus convexiusculus,0
Monsoon,D3,Gyraulus euphraticus,0
Monsoon,D3,Indoplanorbis exustus,0
Monsoon,D3,Tadploes,0
Monsoon,D3,Macrobrachium malcolmsonii,11
Monsoon,D3,Macrobrachium rosenbergii,11
Monsoon,D3,Macrobrachium rude,0
Monsoon,D3,Macrobrachium equidens,0
Monsoon,D3,Hydrovatus confertus,0
Monsoon,D3,Centropus bengalensis,24
Monsoon,D3,Minervarya pierrei,20
Monsoon,D3,Sphaerotheca breviceps,20
Monsoon,D3,Sphaerotheca rolandae,20
Monsoon,D3,Microhyla mymensinghensis,20
Monsoon,D3,Uperodon systoma,20
Monsoon,D3,Hylarana tytleri,20
Monsoon,D3,Polypedates maculatus,20
Monsoon,D3,Porphyrio poliocephalus,20
Monsoon,D3,Amaurornis phoenicurus,0
Monsoon,D3,Himantopus himantopus,20
Monsoon,D3,Vanellus indicus,20
Monsoon,D3,Metopidius indicus,20
Monsoon,D3,Anastomus oscitans,20
Monsoon,D3,Mycteria leucocephala,4
Monsoon,D3,Microcarbo niger,24
Monsoon,D3,Ardea purpurea,2
Monsoon,D3,Enhydris enhydris,20
Monsoon,D3,Fowlea piscator,52
Monsoon,D3,Ardea alba,4
Monsoon,D3,Ardea intermedia,4
Monsoon,D3,Egretta garzetta,4
Monsoon,D3,Bubulcus ibis,0
Monsoon,D3,Ardeola grayii,4
Monsoon,D3,Nycticorax nycticorax,4
Monsoon,D3,Haliaeetus leucogaster,24
Monsoon,D3,Bungarus fasciatus,58
Monsoon,D3,Naja naja,4
Monsoon,D3,Spilornis cheela,4
Monsoon,D3,Alcedo atthis,0
Monsoon,D3,Halcyon smyrnensis,0
Monsoon,D3,Ceryle rudis,0
Monsoon,D3,Odonata sp.,0
Monsoon,D3,Merops orientalis,0
Monsoon,D3,Merops philippinus,0
Monsoon,D3,Coracias benghalensis,2
Monsoon,D3,Oriolus kundoo,0
Monsoon,D3,Oriolus xanthornus,0
Monsoon,D3,Hirundo rustica,20
Monsoon,D3,Acridotheres ginginianus,4
Monsoon,D3,Motacilla citreola,20
Monsoon,D3,Varanus bengalensis,2
Monsoon,D3,Detritus,0
Monsoon,D3,Mosquito larvae,0
Monsoon,D3,Arcella discoides,0
Monsoon,D3,Centropyxis aculeata,0
Monsoon,D3,Brachionus calyciflorus,0
Monsoon,D3,Brachionus forficula,0
Monsoon,D3,Keratella lenzi,0
Monsoon,D3,Lecane aculeata,0
Monsoon,D3,Lecane bulla,0
Monsoon,D3,Asplanchna brightwelli,0
Monsoon,D3,Mesocyclops leukarti,0
Monsoon,D3,Scapholeberis kingi,0
Monsoon,D3,Macrothrix spinosa,0
Monsoon,D3,Macrothrix goeldi,0
Monsoon,D3,Alona pulchella,0
Monsoon,D3,Coronatella rectangula,0
Monsoon,D3,Green Algae,0
Monsoon,D3,Carp sp.,0
Monsoon,D4,Channa punctata,14
Monsoon,D4,Felis chaus,0
Monsoon,D4,Channa striata,14
Monsoon,D4,Mystus tengara,0
Monsoon,D4,Mystus vittatus,0
Monsoon,D4,Glossogobius giuris,0
Monsoon,D4,Oreochromis niloticus,0
Monsoon,D4,Duttaphrynus melanostictus,2
Monsoon,D4,Duttaphrynus scaber,2
Monsoon,D4,Fejervarya orissaensis,0
Monsoon,D4,Minervarya agricola,2
Monsoon,D4,Hoplobatrachus tigerinus,47
Monsoon,D4,Hoplobatrachus crassus,49
Monsoon,D4,Netuma thalassina,28
Monsoon,D4,Prionailurus viverrinus,0
Monsoon,D4,Macrognathus pancalus,0
Monsoon,D4,Xenentodon cancila,0
Monsoon,D4,Channa gachua,0
Monsoon,D4,Heteropneustes fossilis,0
Monsoon,D4,Mastacembelus armatus,0
Monsoon,D4,Notopterus notopterus,0
Monsoon,D4,Trichogaster lalius,29
Monsoon,D4,Trichogaster fasciata,43
Monsoon,D4,Diplonychus annulatus,13
Monsoon,D4,Diplonychus rusticus,16
Monsoon,D4,Aquarius adelaides,6
Monsoon,D4,Limnogonus fossarum,6
Monsoon,D4,Laccotrephes griseus,6
Monsoon,D4,Laccotrephes ruber,6
Monsoon,D4,Ranatra elongata,96
Monsoon,D4,Ranatra filiformis,94
Monsoon,D4,Ranatra varipes,72
Monsoon,D4,Anisops campbelli,6
Monsoon,D4,Euphlyctis cyanophlyctis,0
Monsoon,D4,Lissemys punctata,0
Monsoon,D4,Big fish juveniles,29
Monsoon,D4,Parambassis baculis,14
Monsoon,D4,Dendrocygna javanica,0
Monsoon,D4,Aplocheilus panchax,15
Monsoon,D4,Badis badis,63
Monsoon,D4,Puntius vittatus,21
Monsoon,D4,Rasbora daniconius,32
Monsoon,D4,Pethia phutunio,63
Monsoon,D4,Pila globosa,0
Monsoon,D4,Filopaludina bengalensis,0
Monsoon,D4,Idiopoma dissimilis,0
Monsoon,D4,Melanoides tuberculata,0
Monsoon,D4,Tarebia lineata,0
Monsoon,D4,Bithynia pulchella,0
Monsoon,D4,Gabbia orcula,0
Monsoon,D4,Radix rufescens,0
Monsoon,D4,Racesina luteola,0
Monsoon,D4,Herbaceous aquatic plants,5
Monsoon,D4,Tachybaptus ruficollis,0
Monsoon,D4,Gyraulus barrackporensis,0
Monsoon,D4,Gyraulus convexiusculus,0
Monsoon,D4,Gyraulus euphraticus,0
Monsoon,D4,Indoplanorbis exustus,0
Monsoon,D4,Tadploes,25
Monsoon,D4,Macrobrachium malcolmsonii,0
Monsoon,D4,Macrobrachium rosenbergii,0
Monsoon,D4,Macrobrachium rude,9
Monsoon,D4,Macrobrachium equidens,9
Monsoon,D4,Hydrovatus confertus,6
Monsoon,D4,Centropus bengalensis,0
Monsoon,D4,Minervarya pierrei,0
Monsoon,D4,Sphaerotheca breviceps,2
Monsoon,D4,Sphaerotheca rolandae,2
Monsoon,D4,Microhyla mymensinghensis,2
Monsoon,D4,Uperodon systoma,0
Monsoon,D4,Hylarana tytleri,0
Monsoon,D4,Polypedates maculatus,2
Monsoon,D4,Porphyrio poliocephalus,0
Monsoon,D4,Amaurornis phoenicurus,0
Monsoon,D4,Himantopus himantopus,0
Monsoon,D4,Vanellus indicus,0
Monsoon,D4,Metopidius indicus,0
Monsoon,D4,Anastomus oscitans,0
Monsoon,D4,Mycteria leucocephala,0
Monsoon,D4,Microcarbo niger,0
Monsoon,D4,Ardea purpurea,0
Monsoon,D4,Enhydris enhydris,2
Monsoon,D4,Fowlea piscator,50
Monsoon,D4,Ardea alba,0
Monsoon,D4,Ardea intermedia,0
Monsoon,D4,Egretta garzetta,0
Monsoon,D4,Bubulcus ibis,0
Monsoon,D4,Ardeola grayii,0
Monsoon,D4,Nycticorax nycticorax,0
Monsoon,D4,Haliaeetus leucogaster,0
Monsoon,D4,Bungarus fasciatus,46
Monsoon,D4,Naja naja,0
Monsoon,D4,Spilornis cheela,0
Monsoon,D4,Alcedo atthis,0
Monsoon,D4,Halcyon smyrnensis,0
Monsoon,D4,Ceryle rudis,0
Monsoon,D4,Odonata sp.,3
Monsoon,D4,Merops orientalis,0
Monsoon,D4,Merops philippinus,0
Monsoon,D4,Coracias benghalensis,0
Monsoon,D4,Oriolus kundoo,0
Monsoon,D4,Oriolus xanthornus,0
Monsoon,D4,Hirundo rustica,0
Monsoon,D4,Acridotheres ginginianus,0
Monsoon,D4,Motacilla citreola,0
Monsoon,D4,Varanus bengalensis,0
Monsoon,D4,Detritus,7
Monsoon,D4,Mosquito larvae,15
Monsoon,D4,Arcella discoides,8
Monsoon,D4,Centropyxis aculeata,8
Monsoon,D4,Brachionus calyciflorus,8
Monsoon,D4,Brachionus forficula,8
Monsoon,D4,Keratella lenzi,8
Monsoon,D4,Lecane aculeata,8
Monsoon,D4,Lecane bulla,8
Monsoon,D4,Asplanchna brightwelli,8
Monsoon,D4,Mesocyclops leukarti,11
Monsoon,D4,Scapholeberis kingi,11
Monsoon,D4,Macrothrix spinosa,8
Monsoon,D4,Macrothrix goeldi,8
Monsoon,D4,Alona pulchella,8
Monsoon,D4,Coronatella rectangula,8
Monsoon,D4,Green Algae,7
Monsoon,D4,Carp sp.,0
Monsoon,D5,Channa punctata,0
Monsoon,D5,Felis chaus,0
Monsoon,D5,Channa striata,0
Monsoon,D5,Mystus tengara,0
Monsoon,D5,Mystus vittatus,0
Monsoon,D5,Glossogobius giuris,0
Monsoon,D5,Oreochromis niloticus,0
Monsoon,D5,Duttaphrynus melanostictus,0
Monsoon,D5,Duttaphrynus scaber,0
Monsoon,D5,Fejervarya orissaensis,0
Monsoon,D5,Minervarya agricola,0
Monsoon,D5,Hoplobatrachus tigerinus,0
Monsoon,D5,Hoplobatrachus crassus,0
Monsoon,D5,Netuma thalassina,0
Monsoon,D5,Prionailurus viverrinus,0
Monsoon,D5,Macrognathus pancalus,0
Monsoon,D5,Xenentodon cancila,0
Monsoon,D5,Channa gachua,0
Monsoon,D5,Heteropneustes fossilis,0
Monsoon,D5,Mastacembelus armatus,0
Monsoon,D5,Notopterus notopterus,0
Monsoon,D5,Trichogaster lalius,0
Monsoon,D5,Trichogaster fasciata,0
Monsoon,D5,Diplonychus annulatus,6
Monsoon,D5,Diplonychus rusticus,0
Monsoon,D5,Aquarius adelaides,0
Monsoon,D5,Limnogonus fossarum,0
Monsoon,D5,Laccotrephes griseus,0
Monsoon,D5,Laccotrephes ruber,0
Monsoon,D5,Ranatra elongata,6
Monsoon,D5,Ranatra filiformis,6
Monsoon,D5,Ranatra varipes,12
Monsoon,D5,Anisops campbelli,0
Monsoon,D5,Euphlyctis cyanophlyctis,0
Monsoon,D5,Lissemys punctata,0
Monsoon,D5,Big fish juveniles,0
Monsoon,D5,Parambassis baculis,1
Monsoon,D5,Dendrocygna javanica,0
Monsoon,D5,Aplocheilus panchax,1
Monsoon,D5,Badis badis,7
Monsoon,D5,Puntius vittatus,7
Monsoon,D5,Rasbora daniconius,1
Monsoon,D5,Pethia phutunio,7
Monsoon,D5,Pila globosa,0
Monsoon,D5,Filopaludina bengalensis,0
Monsoon,D5,Idiopoma dissimilis,0
Monsoon,D5,Melanoides tuberculata,0
Monsoon,D5,Tarebia lineata,0
Monsoon,D5,Bithynia pulchella,0
Monsoon,D5,Gabbia orcula,0
Monsoon,D5,Radix rufescens,0
Monsoon,D5,Racesina luteola,0
Monsoon,D5,Herbaceous aquatic plants,0
Monsoon,D5,Tachybaptus ruficollis,0
Monsoon,D5,Gyraulus barrackporensis,0
Monsoon,D5,Gyraulus convexiusculus,0
Monsoon,D5,Gyraulus euphraticus,0
Monsoon,D5,Indoplanorbis exustus,0
Monsoon,D5,Tadploes,0
Monsoon,D5,Macrobrachium malcolmsonii,9
Monsoon,D5,Macrobrachium rosenbergii,9
Monsoon,D5,Macrobrachium rude,0
Monsoon,D5,Macrobrachium equidens,0
Monsoon,D5,Hydrovatus confertus,0
Monsoon,D5,Centropus bengalensis,0
Monsoon,D5,Minervarya pierrei,0
Monsoon,D5,Sphaerotheca breviceps,0
Monsoon,D5,Sphaerotheca rolandae,0
Monsoon,D5,Microhyla mymensinghensis,0
Monsoon,D5,Uperodon systoma,0
Monsoon,D5,Hylarana tytleri,0
Monsoon,D5,Polypedates maculatus,0
Monsoon,D5,Porphyrio poliocephalus,0
Monsoon,D5,Amaurornis phoenicurus,0
Monsoon,D5,Himantopus himantopus,0
Monsoon,D5,Vanellus indicus,0
Monsoon,D5,Metopidius indicus,0
Monsoon,D5,Anastomus oscitans,0
Monsoon,D5,Mycteria leucocephala,0
Monsoon,D5,Microcarbo niger,0
Monsoon,D5,Ardea purpurea,0
Monsoon,D5,Enhydris enhydris,0
Monsoon,D5,Fowlea piscator,0
Monsoon,D5,Ardea alba,0
Monsoon,D5,Ardea intermedia,0
Monsoon,D5,Egretta garzetta,0
Monsoon,D5,Bubulcus ibis,0
Monsoon,D5,Ardeola grayii,0
Monsoon,D5,Nycticorax nycticorax,0
Monsoon,D5,Haliaeetus leucogaster,0
Monsoon,D5,Bungarus fasciatus,0
Monsoon,D5,Naja naja,0
Monsoon,D5,Spilornis cheela,0
Monsoon,D5,Alcedo atthis,0
Monsoon,D5,Halcyon smyrnensis,0
Monsoon,D5,Ceryle rudis,0
Monsoon,D5,Odonata sp.,0
Monsoon,D5,Merops orientalis,0
Monsoon,D5,Merops philippinus,0
Monsoon,D5,Coracias benghalensis,0
Monsoon,D5,Oriolus kundoo,0
Monsoon,D5,Oriolus xanthornus,0
Monsoon,D5,Hirundo rustica,0
Monsoon,D5,Acridotheres ginginianus,0
Monsoon,D5,Motacilla citreola,0
Monsoon,D5,Varanus bengalensis,0
Monsoon,D5,Detritus,0
Monsoon,D5,Mosquito larvae,0
Monsoon,D5,Arcella discoides,0
Monsoon,D5,Centropyxis aculeata,0
Monsoon,D5,Brachionus calyciflorus,0
Monsoon,D5,Brachionus forficula,0
Monsoon,D5,Keratella lenzi,0
Monsoon,D5,Lecane aculeata,0
Monsoon,D5,Lecane bulla,0
Monsoon,D5,Asplanchna brightwelli,0
Monsoon,D5,Mesocyclops leukarti,0
Monsoon,D5,Scapholeberis kingi,0
Monsoon,D5,Macrothrix spinosa,0
Monsoon,D5,Macrothrix goeldi,0
Monsoon,D5,Alona pulchella,0
Monsoon,D5,Coronatella rectangula,0
Monsoon,D5,Green Algae,0
Monsoon,D5,Carp sp.,0
Monsoon,D6,Channa punctata,0
Monsoon,D6,Felis chaus,0
Monsoon,D6,Channa striata,0
Monsoon,D6,Mystus tengara,0
Monsoon,D6,Mystus vittatus,0
Monsoon,D6,Glossogobius giuris,0
Monsoon,D6,Oreochromis niloticus,0
Monsoon,D6,Duttaphrynus melanostictus,0
Monsoon,D6,Duttaphrynus scaber,0
Monsoon,D6,Fejervarya orissaensis,0
Monsoon,D6,Minervarya agricola,0
Monsoon,D6,Hoplobatrachus tigerinus,0
Monsoon,D6,Hoplobatrachus crassus,0
Monsoon,D6,Netuma thalassina,0
Monsoon,D6,Prionailurus viverrinus,0
Monsoon,D6,Macrognathus pancalus,0
Monsoon,D6,Xenentodon cancila,0
Monsoon,D6,Channa gachua,0
Monsoon,D6,Heteropneustes fossilis,0
Monsoon,D6,Mastacembelus armatus,0
Monsoon,D6,Notopterus notopterus,0
Monsoon,D6,Trichogaster lalius,0
Monsoon,D6,Trichogaster fasciata,1
Monsoon,D6,Diplonychus annulatus,3
Monsoon,D6,Diplonychus rusticus,5
Monsoon,D6,Aquarius adelaides,0
Monsoon,D6,Limnogonus fossarum,0
Monsoon,D6,Laccotrephes griseus,0
Monsoon,D6,Laccotrephes ruber,0
Monsoon,D6,Ranatra elongata,18
Monsoon,D6,Ranatra filiformis,18
Monsoon,D6,Ranatra varipes,15
Monsoon,D6,Anisops campbelli,0
Monsoon,D6,Euphlyctis cyanophlyctis,0
Monsoon,D6,Lissemys punctata,0
Monsoon,D6,Big fish juveniles,0
Monsoon,D6,Parambassis baculis,3
Monsoon,D6,Dendrocygna javanica,0
Monsoon,D6,Aplocheilus panchax,3
Monsoon,D6,Badis badis,3
Monsoon,D6,Puntius vittatus,3
Monsoon,D6,Rasbora daniconius,3
Monsoon,D6,Pethia phutunio,3
Monsoon,D6,Pila globosa,0
Monsoon,D6,Filopaludina bengalensis,0
Monsoon,D6,Idiopoma dissimilis,0
Monsoon,D6,Melanoides tuberculata,0
Monsoon,D6,Tarebia lineata,0
Monsoon,D6,Bithynia pulchella,0
Monsoon,D6,Gabbia orcula,0
Monsoon,D6,Radix rufescens,0
Monsoon,D6,Racesina luteola,0
Monsoon,D6,Herbaceous aquatic plants,0
Monsoon,D6,Tachybaptus ruficollis,0
Monsoon,D6,Gyraulus barrackporensis,0
Monsoon,D6,Gyraulus convexiusculus,0
Monsoon,D6,Gyraulus euphraticus,0
Monsoon,D6,Indoplanorbis exustus,0
Monsoon,D6,Tadploes,0
Monsoon,D6,Macrobrachium malcolmsonii,0
Monsoon,D6,Macrobrachium rosenbergii,0
Monsoon,D6,Macrobrachium rude,0
Monsoon,D6,Macrobrachium equidens,0
Monsoon,D6,Hydrovatus confertus,0
Monsoon,D6,Centropus bengalensis,0
Monsoon,D6,Minervarya pierrei,0
Monsoon,D6,Sphaerotheca breviceps,0
Monsoon,D6,Sphaerotheca rolandae,0
Monsoon,D6,Microhyla mymensinghensis,0
Monsoon,D6,Uperodon systoma,0
Monsoon,D6,Hylarana tytleri,0
Monsoon,D6,Polypedates maculatus,0
Monsoon,D6,Porphyrio poliocephalus,0
Monsoon,D6,Amaurornis phoenicurus,0
Monsoon,D6,Himantopus himantopus,0
Monsoon,D6,Vanellus indicus,0
Monsoon,D6,Metopidius indicus,0
Monsoon,D6,Anastomus oscitans,0
Monsoon,D6,Mycteria leucocephala,0
Monsoon,D6,Microcarbo niger,0
Monsoon,D6,Ardea purpurea,0
Monsoon,D6,Enhydris enhydris,0
Monsoon,D6,Fowlea piscator,0
Monsoon,D6,Ardea alba,0
Monsoon,D6,Ardea intermedia,0
Monsoon,D6,Egretta garzetta,0
Monsoon,D6,Bubulcus ibis,0
Monsoon,D6,Ardeola grayii,0
Monsoon,D6,Nycticorax nycticorax,0
Monsoon,D6,Haliaeetus leucogaster,0
Monsoon,D6,Bungarus fasciatus,0
Monsoon,D6,Naja naja,0
Monsoon,D6,Spilornis cheela,0
Monsoon,D6,Alcedo atthis,0
Monsoon,D6,Halcyon smyrnensis,0
Monsoon,D6,Ceryle rudis,0
Monsoon,D6,Odonata sp.,0
Monsoon,D6,Merops orientalis,0
Monsoon,D6,Merops philippinus,0
Monsoon,D6,Coracias benghalensis,0
Monsoon,D6,Oriolus kundoo,0
Monsoon,D6,Oriolus xanthornus,0
Monsoon,D6,Hirundo rustica,0
Monsoon,D6,Acridotheres ginginianus,0
Monsoon,D6,Motacilla citreola,0
Monsoon,D6,Varanus bengalensis,0
Monsoon,D6,Detritus,0
Monsoon,D6,Mosquito larvae,0
Monsoon,D6,Arcella discoides,0
Monsoon,D6,Centropyxis aculeata,0
Monsoon,D6,Brachionus calyciflorus,0
Monsoon,D6,Brachionus forficula,0
Monsoon,D6,Keratella lenzi,0
Monsoon,D6,Lecane aculeata,0
Monsoon,D6,Lecane bulla,0
Monsoon,D6,Asplanchna brightwelli,0
Monsoon,D6,Mesocyclops leukarti,0
Monsoon,D6,Scapholeberis kingi,0
Monsoon,D6,Macrothrix spinosa,0
Monsoon,D6,Macrothrix goeldi,0
Monsoon,D6,Alona pulchella,0
Monsoon,D6,Coronatella rectangula,0
Monsoon,D6,Green Algae,0
Monsoon,D6,Carp sp.,0
Monsoon,D7,Channa punctata,1
Monsoon,D7,Felis chaus,0
Monsoon,D7,Channa striata,1
Monsoon,D7,Mystus tengara,0
Monsoon,D7,Mystus vittatus,0
Monsoon,D7,Glossogobius giuris,0
Monsoon,D7,Oreochromis niloticus,0
Monsoon,D7,Duttaphrynus melanostictus,0
Monsoon,D7,Duttaphrynus scaber,0
Monsoon,D7,Fejervarya orissaensis,0
Monsoon,D7,Minervarya agricola,0
Monsoon,D7,Hoplobatrachus tigerinus,3
Monsoon,D7,Hoplobatrachus crassus,3
Monsoon,D7,Netuma thalassina,1
Monsoon,D7,Prionailurus viverrinus,0
Monsoon,D7,Macrognathus pancalus,0
Monsoon,D7,Xenentodon cancila,0
Monsoon,D7,Channa gachua,0
Monsoon,D7,Heteropneustes fossilis,0
Monsoon,D7,Mastacembelus armatus,0
Monsoon,D7,Notopterus notopterus,0
Monsoon,D7,Trichogaster lalius,0
Monsoon,D7,Trichogaster fasciata,6
Monsoon,D7,Diplonychus annulatus,17
Monsoon,D7,Diplonychus rusticus,21
Monsoon,D7,Aquarius adelaides,0
Monsoon,D7,Limnogonus fossarum,0
Monsoon,D7,Laccotrephes griseus,0
Monsoon,D7,Laccotrephes ruber,0
Monsoon,D7,Ranatra elongata,16
Monsoon,D7,Ranatra filiformis,16
Monsoon,D7,Ranatra varipes,11
Monsoon,D7,Anisops campbelli,0
Monsoon,D7,Euphlyctis cyanophlyctis,0
Monsoon,D7,Lissemys punctata,0
Monsoon,D7,Big fish juveniles,0
Monsoon,D7,Parambassis baculis,5
Monsoon,D7,Dendrocygna javanica,0
Monsoon,D7,Aplocheilus panchax,5
Monsoon,D7,Badis badis,5
Monsoon,D7,Puntius vittatus,5
Monsoon,D7,Rasbora daniconius,5
Monsoon,D7,Pethia phutunio,5
Monsoon,D7,Pila globosa,0
Monsoon,D7,Filopaludina bengalensis,0
Monsoon,D7,Idiopoma dissimilis,0
Monsoon,D7,Melanoides tuberculata,0
Monsoon,D7,Tarebia lineata,0
Monsoon,D7,Bithynia pulchella,0
Monsoon,D7,Gabbia orcula,0
Monsoon,D7,Radix rufescens,0
Monsoon,D7,Racesina luteola,0
Monsoon,D7,Herbaceous aquatic plants,0
Monsoon,D7,Tachybaptus ruficollis,0
Monsoon,D7,Gyraulus barrackporensis,0
Monsoon,D7,Gyraulus convexiusculus,0
Monsoon,D7,Gyraulus euphraticus,0
Monsoon,D7,Indoplanorbis exustus,0
Monsoon,D7,Tadploes,0
Monsoon,D7,Macrobrachium malcolmsonii,0
Monsoon,D7,Macrobrachium rosenbergii,0
Monsoon,D7,Macrobrachium rude,0
Monsoon,D7,Macrobrachium equidens,0
Monsoon,D7,Hydrovatus confertus,0
Monsoon,D7,Centropus bengalensis,0
Monsoon,D7,Minervarya pierrei,0
Monsoon,D7,Sphaerotheca breviceps,0
Monsoon,D7,Sphaerotheca rolandae,0
Monsoon,D7,Microhyla mymensinghensis,0
Monsoon,D7,Uperodon systoma,0
Monsoon,D7,Hylarana tytleri,0
Monsoon,D7,Polypedates maculatus,0
Monsoon,D7,Porphyrio poliocephalus,0
Monsoon,D7,Amaurornis phoenicurus,0
Monsoon,D7,Himantopus himantopus,0
Monsoon,D7,Vanellus indicus,0
Monsoon,D7,Metopidius indicus,0
Monsoon,D7,Anastomus oscitans,0
Monsoon,D7,Mycteria leucocephala,0
Monsoon,D7,Microcarbo niger,0
Monsoon,D7,Ardea purpurea,0
Monsoon,D7,Enhydris enhydris,0
Monsoon,D7,Fowlea piscator,3
Monsoon,D7,Ardea alba,0
Monsoon,D7,Ardea intermedia,0
Monsoon,D7,Egretta garzetta,0
Monsoon,D7,Bubulcus ibis,0
Monsoon,D7,Ardeola grayii,0
Monsoon,D7,Nycticorax nycticorax,0
Monsoon,D7,Haliaeetus leucogaster,0
Monsoon,D7,Bungarus fasciatus,3
Monsoon,D7,Naja naja,0
Monsoon,D7,Spilornis cheela,0
Monsoon,D7,Alcedo atthis,0
Monsoon,D7,Halcyon smyrnensis,0
Monsoon,D7,Ceryle rudis,0
Monsoon,D7,Odonata sp.,0
Monsoon,D7,Merops orientalis,0
Monsoon,D7,Merops philippinus,0
Monsoon,D7,Coracias benghalensis,0
Monsoon,D7,Oriolus kundoo,0
Monsoon,D7,Oriolus xanthornus,0
Monsoon,D7,Hirundo rustica,0
Monsoon,D7,Acridotheres ginginianus,0
Monsoon,D7,Motacilla citreola,0
Monsoon,D7,Varanus bengalensis,0
Monsoon,D7,Detritus,0
Monsoon,D7,Mosquito larvae,0
Monsoon,D7,Arcella discoides,0
Monsoon,D7,Centropyxis aculeata,0
Monsoon,D7,Brachionus calyciflorus,0
Monsoon,D7,Brachionus forficula,0
Monsoon,D7,Keratella lenzi,0
Monsoon,D7,Lecane aculeata,0
Monsoon,D7,Lecane bulla,0
Monsoon,D7,Asplanchna brightwelli,0
Monsoon,D7,Mesocyclops leukarti,0
Monsoon,D7,Scapholeberis kingi,0
Monsoon,D7,Macrothrix spinosa,0
Monsoon,D7,Macrothrix goeldi,0
Monsoon,D7,Alona pulchella,0
Monsoon,D7,Coronatella rectangula,0
Monsoon,D7,Green Algae,0
Monsoon,D7,Carp sp.,0
Monsoon,D8,Channa punctata,0
Monsoon,D8,Felis chaus,0
Monsoon,D8,Channa striata,0
Monsoon,D8,Mystus tengara,0
Monsoon,D8,Mystus vittatus,0
Monsoon,D8,Glossogobius giuris,0
Monsoon,D8,Oreochromis niloticus,0
Monsoon,D8,Duttaphrynus melanostictus,0
Monsoon,D8,Duttaphrynus scaber,0
Monsoon,D8,Fejervarya orissaensis,0
Monsoon,D8,Minervarya agricola,0
Monsoon,D8,Hoplobatrachus tigerinus,0
Monsoon,D8,Hoplobatrachus crassus,0
Monsoon,D8,Netuma thalassina,0
Monsoon,D8,Prionailurus viverrinus,0
Monsoon,D8,Macrognathus pancalus,0
Monsoon,D8,Xenentodon cancila,0
Monsoon,D8,Channa gachua,0
Monsoon,D8,Heteropneustes fossilis,0
Monsoon,D8,Mastacembelus armatus,0
Monsoon,D8,Notopterus notopterus,0
Monsoon,D8,Trichogaster lalius,0
Monsoon,D8,Trichogaster fasciata,12
Monsoon,D8,Diplonychus annulatus,0
Monsoon,D8,Diplonychus rusticus,0
Monsoon,D8,Aquarius adelaides,0
Monsoon,D8,Limnogonus fossarum,0
Monsoon,D8,Laccotrephes griseus,0
Monsoon,D8,Laccotrephes ruber,0
Monsoon,D8,Ranatra elongata,21
Monsoon,D8,Ranatra filiformis,21
Monsoon,D8,Ranatra varipes,15
Monsoon,D8,Anisops campbelli,0
Monsoon,D8,Euphlyctis cyanophlyctis,0
Monsoon,D8,Lissemys punctata,0
Monsoon,D8,Big fish juveniles,0
Monsoon,D8,Parambassis baculis,17
Monsoon,D8,Dendrocygna javanica,0
Monsoon,D8,Aplocheilus panchax,17
Monsoon,D8,Badis badis,17
Monsoon,D8,Puntius vittatus,17
Monsoon,D8,Rasbora daniconius,17
Monsoon,D8,Pethia phutunio,17
Monsoon,D8,Pila globosa,0
Monsoon,D8,Filopaludina bengalensis,0
Monsoon,D8,Idiopoma dissimilis,0
Monsoon,D8,Melanoides tuberculata,0
Monsoon,D8,Tarebia lineata,0
Monsoon,D8,Bithynia pulchella,0
Monsoon,D8,Gabbia orcula,0
Monsoon,D8,Radix rufescens,0
Monsoon,D8,Racesina luteola,0
Monsoon,D8,Herbaceous aquatic plants,0
Monsoon,D8,Tachybaptus ruficollis,0
Monsoon,D8,Gyraulus barrackporensis,0
Monsoon,D8,Gyraulus convexiusculus,0
Monsoon,D8,Gyraulus euphraticus,0
Monsoon,D8,Indoplanorbis exustus,0
Monsoon,D8,Tadploes,0
Monsoon,D8,Macrobrachium malcolmsonii,0
Monsoon,D8,Macrobrachium rosenbergii,0
Monsoon,D8,Macrobrachium rude,0
Monsoon,D8,Macrobrachium equidens,0
Monsoon,D8,Hydrovatus confertus,0
Monsoon,D8,Centropus bengalensis,0
Monsoon,D8,Minervarya pierrei,0
Monsoon,D8,Sphaerotheca breviceps,0
Monsoon,D8,Sphaerotheca rolandae,0
Monsoon,D8,Microhyla mymensinghensis,0
Monsoon,D8,Uperodon systoma,0
Monsoon,D8,Hylarana tytleri,0
Monsoon,D8,Polypedates maculatus,0
Monsoon,D8,Porphyrio poliocephalus,0
Monsoon,D8,Amaurornis phoenicurus,0
Monsoon,D8,Himantopus himantopus,0
Monsoon,D8,Vanellus indicus,0
Monsoon,D8,Metopidius indicus,0
Monsoon,D8,Anastomus oscitans,0
Monsoon,D8,Mycteria leucocephala,0
Monsoon,D8,Microcarbo niger,0
Monsoon,D8,Ardea purpurea,0
Monsoon,D8,Enhydris enhydris,0
Monsoon,D8,Fowlea piscator,0
Monsoon,D8,Ardea alba,0
Monsoon,D8,Ardea intermedia,0
Monsoon,D8,Egretta garzetta,0
Monsoon,D8,Bubulcus ibis,0
Monsoon,D8,Ardeola grayii,0
Monsoon,D8,Nycticorax nycticorax,0
Monsoon,D8,Haliaeetus leucogaster,0
Monsoon,D8,Bungarus fasciatus,0
Monsoon,D8,Naja naja,0
Monsoon,D8,Spilornis cheela,0
Monsoon,D8,Alcedo atthis,0
Monsoon,D8,Halcyon smyrnensis,0
Monsoon,D8,Ceryle rudis,0
Monsoon,D8,Odonata sp.,0
Monsoon,D8,Merops orientalis,0
Monsoon,D8,Merops philippinus,0
Monsoon,D8,Coracias benghalensis,0
Monsoon,D8,Oriolus kundoo,0
Monsoon,D8,Oriolus xanthornus,0
Monsoon,D8,Hirundo rustica,0
Monsoon,D8,Acridotheres ginginianus,0
Monsoon,D8,Motacilla citreola,0
Monsoon,D8,Varanus bengalensis,0
Monsoon,D8,Detritus,0
Monsoon,D8,Mosquito larvae,0
Monsoon,D8,Arcella discoides,0
Monsoon,D8,Centropyxis aculeata,0
Monsoon,D8,Brachionus calyciflorus,0
Monsoon,D8,Brachionus forficula,0
Monsoon,D8,Keratella lenzi,0
Monsoon,D8,Lecane aculeata,0
Monsoon,D8,Lecane bulla,0
Monsoon,D8,Asplanchna brightwelli,0
Monsoon,D8,Mesocyclops leukarti,0
Monsoon,D8,Scapholeberis kingi,0
Monsoon,D8,Macrothrix spinosa,0
Monsoon,D8,Macrothrix goeldi,0
Monsoon,D8,Alona pulchella,0
Monsoon,D8,Coronatella rectangula,0
Monsoon,D8,Green Algae,0
Monsoon,D8,Carp sp.,0
